<annotation>
  <folder>RSDD-SAR</folder>
  <filename>0_0_5.xml</filename>
  <polarization>HH</polarization>
  <resolution>10</resolution>
  <size>
    <width>512</width>
    <height>512</height>
    <depth>3</depth>
  </size>
  <segmented>0</segmented>
  <object>
    <type>robndbox</type>
    <name>ship</name>
    <difficult>0</difficult>
    <robndbox>
      <cx>299.8607</cx>
      <cy>83.7978</cy>
      <h>15.24122428894043</h>
      <w>5.936710834503174</w>
      <angle>-0.4691457200006939</angle>
    </robndbox>
  </object>
</annotation>
