<annotation>
  <folder>RSDD-SAR</folder>
  <filename>0_11_45.xml</filename>
  <polarization>HH</polarization>
  <resolution>10</resolution>
  <size>
    <width>512</width>
    <height>512</height>
    <depth>3</depth>
  </size>
  <segmented>0</segmented>
  <object>
    <type>robndbox</type>
    <name>ship</name>
    <difficult>0</difficult>
    <robndbox>
      <cx>63.4564</cx>
      <cy>296.4316</cy>
      <h>40.25941467285156</h>
      <w>13.792974472045898</w>
      <angle>0.6478102733152759</angle>
    </robndbox>
  </object>
</annotation>
