<annotation>
  <folder>RSDD-SAR</folder>
  <filename>0_11_44.xml</filename>
  <polarization>HH</polarization>
  <resolution>10</resolution>
  <size>
    <width>512</width>
    <height>512</height>
    <depth>3</depth>
  </size>
  <segmented>0</segmented>
  <object>
    <type>robndbox</type>
    <name>ship</name>
    <difficult>0</difficult>
    <robndbox>
      <cx>281.4932</cx>
      <cy>434.5338</cy>
      <h>26.8701114654541</h>
      <w>7.778214454650879</w>
      <angle>0.6253973093182507</angle>
    </robndbox>
  </object>
</annotation>
