<annotation>
  <folder>RSDD-SAR</folder>
  <filename>0_12_45.xml</filename>
  <polarization>HH</polarization>
  <resolution>10</resolution>
  <size>
    <width>512</width>
    <height>512</height>
    <depth>3</depth>
  </size>
  <segmented>0</segmented>
  <object>
    <type>robndbox</type>
    <name>ship</name>
    <difficult>0</difficult>
    <robndbox>
      <cx>322.4804</cx>
      <cy>106.8731</cy>
      <h>20.86248779296875</h>
      <w>13.393600463867188</w>
      <angle>-0.24976256546226372</angle>
    </robndbox>
  </object>
</annotation>
