<annotation>
  <folder>RSDD-SAR</folder>
  <filename>0_16_54.xml</filename>
  <polarization>HH</polarization>
  <resolution>10</resolution>
  <size>
    <width>512</width>
    <height>512</height>
    <depth>3</depth>
  </size>
  <segmented>0</segmented>
  <object>
    <type>robndbox</type>
    <name>ship</name>
    <difficult>0</difficult>
    <robndbox>
      <cx>47.7432</cx>
      <cy>46.7838</cy>
      <h>27.308401107788086</h>
      <w>9.124303817749023</w>
      <angle>-0.03224741869144232</angle>
    </robndbox>
  </object>
</annotation>
