<annotation>
  <folder>RSDD-SAR</folder>
  <filename>0_17_37.xml</filename>
  <polarization>HH</polarization>
  <resolution>10</resolution>
  <size>
    <width>512</width>
    <height>512</height>
    <depth>3</depth>
  </size>
  <segmented>0</segmented>
  <object>
    <type>robndbox</type>
    <name>ship</name>
    <difficult>0</difficult>
    <robndbox>
      <cx>232.2247</cx>
      <cy>451.6239</cy>
      <h>40.351200103759766</h>
      <w>11.19439697265625</w>
      <angle>-1.203622745327714</angle>
    </robndbox>
  </object>
</annotation>
