<annotation>
  <folder>RSDD-SAR</folder>
  <filename>0_17_27.xml</filename>
  <polarization>HH</polarization>
  <resolution>10</resolution>
  <size>
    <width>512</width>
    <height>512</height>
    <depth>3</depth>
  </size>
  <segmented>0</segmented>
  <object>
    <type>robndbox</type>
    <name>ship</name>
    <difficult>0</difficult>
    <robndbox>
      <cx>17.6216</cx>
      <cy>265.8919</cy>
      <h>15.803719520568848</h>
      <w>5.995309352874756</w>
      <angle>-0.23109194200804528</angle>
    </robndbox>
  </object>
  <object>
    <type>robndbox</type>
    <name>ship</name>
    <difficult>0</difficult>
    <robndbox>
      <cx>83.0399</cx>
      <cy>263.5929</cy>
      <h>20.68700408935547</h>
      <w>9.624419212341309</w>
      <angle>-0.2010894349574852</angle>
    </robndbox>
  </object>
  <object>
    <type>robndbox</type>
    <name>ship</name>
    <difficult>0</difficult>
    <robndbox>
      <cx>82.4437</cx>
      <cy>274.4437</cy>
      <h>20.316198348999023</h>
      <w>7.297299861907959</w>
      <angle>-0.11108990328907464</angle>
    </robndbox>
  </object>
  <object>
    <type>robndbox</type>
    <name>ship</name>
    <difficult>0</difficult>
    <robndbox>
      <cx>257.4437</cx>
      <cy>253.9437</cy>
      <h>13.223644256591797</h>
      <w>5.489782810211182</w>
      <angle>-0.05108981603597118</angle>
    </robndbox>
  </object>
  <object>
    <type>robndbox</type>
    <name>ship</name>
    <difficult>0</difficult>
    <robndbox>
      <cx>137.9437</cx>
      <cy>271.4437</cy>
      <h>23.075984954833984</h>
      <w>9.617472648620605</w>
      <angle>-0.11109110171156544</angle>
    </robndbox>
  </object>
  <object>
    <type>robndbox</type>
    <name>ship</name>
    <difficult>0</difficult>
    <robndbox>
      <cx>176.5747</cx>
      <cy>250.6688</cy>
      <h>14.527099609375</h>
      <w>7.004784107208252</w>
      <angle>-0.031089875723639526</angle>
    </robndbox>
  </object>
  <object>
    <type>robndbox</type>
    <name>ship</name>
    <difficult>0</difficult>
    <robndbox>
      <cx>135.7328</cx>
      <cy>257.1389</cy>
      <h>15.510696411132812</h>
      <w>5.899599552154541</w>
      <angle>0.2189090785748824</angle>
    </robndbox>
  </object>
  <object>
    <type>robndbox</type>
    <name>ship</name>
    <difficult>0</difficult>
    <robndbox>
      <cx>28.3495</cx>
      <cy>300.2834</cy>
      <h>54.70429611206055</h>
      <w>8.917030334472656</w>
      <angle>-0.1799999954432021</angle>
    </robndbox>
  </object>
</annotation>
