<annotation>
  <folder>RSDD-SAR</folder>
  <filename>0_17_29.xml</filename>
  <polarization>HH</polarization>
  <resolution>10</resolution>
  <size>
    <width>512</width>
    <height>512</height>
    <depth>3</depth>
  </size>
  <segmented>0</segmented>
  <object>
    <type>robndbox</type>
    <name>ship</name>
    <difficult>0</difficult>
    <robndbox>
      <cx>85.00001525878906</cx>
      <cy>450.5000305175781</cy>
      <h>32.571449279785156</h>
      <w>9.803050994873047</w>
      <angle>0.32175027315111393</angle>
    </robndbox>
  </object>
</annotation>
