<annotation>
  <folder>RSDD-SAR</folder>
  <filename>0_17_28.xml</filename>
  <polarization>HH</polarization>
  <resolution>10</resolution>
  <size>
    <width>512</width>
    <height>512</height>
    <depth>3</depth>
  </size>
  <segmented>0</segmented>
  <object>
    <type>robndbox</type>
    <name>ship</name>
    <difficult>0</difficult>
    <robndbox>
      <cx>357.4912</cx>
      <cy>416.8672</cy>
      <h>23.769725799560547</h>
      <w>7.993372440338135</w>
      <angle>0.25518109959516627</angle>
    </robndbox>
  </object>
  <object>
    <type>robndbox</type>
    <name>ship</name>
    <difficult>0</difficult>
    <robndbox>
      <cx>42.2432</cx>
      <cy>31.2838</cy>
      <h>20.331300735473633</h>
      <w>6.605900764465332</w>
      <angle>1.0684219463991205</angle>
    </robndbox>
  </object>
  <object>
    <type>robndbox</type>
    <name>ship</name>
    <difficult>0</difficult>
    <robndbox>
      <cx>445.7432</cx>
      <cy>176.7838</cy>
      <h>61.04248809814453</h>
      <w>19.2565860748291</w>
      <angle>1.3707965241974174</angle>
    </robndbox>
  </object>
</annotation>
