<annotation>
  <folder>RSDD-SAR</folder>
  <filename>0_18_35.xml</filename>
  <polarization>HH</polarization>
  <resolution>10</resolution>
  <size>
    <width>512</width>
    <height>512</height>
    <depth>3</depth>
  </size>
  <segmented>0</segmented>
  <object>
    <type>robndbox</type>
    <name>ship</name>
    <difficult>0</difficult>
    <robndbox>
      <cx>371.6216</cx>
      <cy>308.8919</cy>
      <h>24.22865867614746</h>
      <w>11.56769847869873</w>
      <angle>0.5280757158382902</angle>
    </robndbox>
  </object>
</annotation>
