<annotation>
  <folder>RSDD-SAR</folder>
  <filename>0_19_29.xml</filename>
  <polarization>HH</polarization>
  <resolution>10</resolution>
  <size>
    <width>512</width>
    <height>512</height>
    <depth>3</depth>
  </size>
  <segmented>0</segmented>
  <object>
    <type>robndbox</type>
    <name>ship</name>
    <difficult>0</difficult>
    <robndbox>
      <cx>94.1216</cx>
      <cy>84.3919</cy>
      <h>17.13520622253418</h>
      <w>8.701000213623047</w>
      <angle>-1.0882835354928224</angle>
    </robndbox>
  </object>
</annotation>
