<annotation>
  <folder>RSDD-SAR</folder>
  <filename>0_19_46.xml</filename>
  <polarization>HH</polarization>
  <resolution>10</resolution>
  <size>
    <width>512</width>
    <height>512</height>
    <depth>3</depth>
  </size>
  <segmented>0</segmented>
  <object>
    <type>robndbox</type>
    <name>ship</name>
    <difficult>0</difficult>
    <robndbox>
      <cx>230.695</cx>
      <cy>294.1223</cy>
      <h>43.42931365966797</h>
      <w>10.817584991455078</w>
      <angle>-0.3572827676261965</angle>
    </robndbox>
  </object>
</annotation>
