<annotation>
  <folder>RSDD-SAR</folder>
  <filename>0_20_49.xml</filename>
  <polarization>HH</polarization>
  <resolution>10</resolution>
  <size>
    <width>512</width>
    <height>512</height>
    <depth>3</depth>
  </size>
  <segmented>0</segmented>
  <object>
    <type>robndbox</type>
    <name>ship</name>
    <difficult>0</difficult>
    <robndbox>
      <cx>232.2432</cx>
      <cy>133.7838</cy>
      <h>35.95417785644531</h>
      <w>12.300093650817871</w>
      <angle>-0.3296246412832331</angle>
    </robndbox>
  </object>
</annotation>
