<annotation>
  <folder>RSDD-SAR</folder>
  <filename>0_21_48.xml</filename>
  <polarization>HH</polarization>
  <resolution>10</resolution>
  <size>
    <width>512</width>
    <height>512</height>
    <depth>3</depth>
  </size>
  <segmented>0</segmented>
  <object>
    <type>robndbox</type>
    <name>ship</name>
    <difficult>0</difficult>
    <robndbox>
      <cx>137.108</cx>
      <cy>273.7299</cy>
      <h>61.06638717651367</h>
      <w>10.861713409423828</w>
      <angle>-0.2641672043243388</angle>
    </robndbox>
  </object>
</annotation>
