<annotation>
  <folder>RSDD-SAR</folder>
  <filename>0_22_52.xml</filename>
  <polarization>HH</polarization>
  <resolution>10</resolution>
  <size>
    <width>512</width>
    <height>512</height>
    <depth>3</depth>
  </size>
  <segmented>0</segmented>
  <object>
    <type>robndbox</type>
    <name>ship</name>
    <difficult>0</difficult>
    <robndbox>
      <cx>243.5229</cx>
      <cy>17.0662</cy>
      <h>25.176687240600586</h>
      <w>11.302201271057129</w>
      <angle>-0.13401838869411198</angle>
    </robndbox>
  </object>
</annotation>
