<annotation>
  <folder>RSDD-SAR</folder>
  <filename>0_23_37.xml</filename>
  <polarization>HH</polarization>
  <resolution>10</resolution>
  <size>
    <width>512</width>
    <height>512</height>
    <depth>3</depth>
  </size>
  <segmented>0</segmented>
  <object>
    <type>robndbox</type>
    <name>ship</name>
    <difficult>0</difficult>
    <robndbox>
      <cx>332.0</cx>
      <cy>401.0</cy>
      <h>37.45106887817383</h>
      <w>8.798489570617676</w>
      <angle>-0.25615148891736395</angle>
    </robndbox>
  </object>
</annotation>
