<annotation>
  <folder>RSDD-SAR</folder>
  <filename>0_23_11.xml</filename>
  <polarization>HH</polarization>
  <resolution>10</resolution>
  <size>
    <width>512</width>
    <height>512</height>
    <depth>3</depth>
  </size>
  <segmented>0</segmented>
  <object>
    <type>robndbox</type>
    <name>ship</name>
    <difficult>0</difficult>
    <robndbox>
      <cx>178.9981</cx>
      <cy>497.2457</cy>
      <h>16.328983306884766</h>
      <w>6.319858551025391</w>
      <angle>-0.9421704672871427</angle>
    </robndbox>
  </object>
  <object>
    <type>robndbox</type>
    <name>ship</name>
    <difficult>0</difficult>
    <robndbox>
      <cx>151.9953</cx>
      <cy>478.8033</cy>
      <h>14.62309741973877</h>
      <w>7.805326461791992</w>
      <angle>-0.016054467157379237</angle>
    </robndbox>
  </object>
  <object>
    <type>robndbox</type>
    <name>ship</name>
    <difficult>0</difficult>
    <robndbox>
      <cx>73.4892</cx>
      <cy>430.4735</cy>
      <h>11.939099311828613</h>
      <w>5.879964828491211</w>
      <angle>0.07677169375777078</angle>
    </robndbox>
  </object>
</annotation>
