<annotation>
  <folder>RSDD-SAR</folder>
  <filename>0_23_42.xml</filename>
  <polarization>HH</polarization>
  <resolution>10</resolution>
  <size>
    <width>512</width>
    <height>512</height>
    <depth>3</depth>
  </size>
  <segmented>0</segmented>
  <object>
    <type>robndbox</type>
    <name>ship</name>
    <difficult>0</difficult>
    <robndbox>
      <cx>262.7432</cx>
      <cy>96.7838</cy>
      <h>76.28353118896484</h>
      <w>11.393999099731445</w>
      <angle>-0.08727711524407678</angle>
    </robndbox>
  </object>
</annotation>
