<annotation>
  <folder>RSDD-SAR</folder>
  <filename>0_25_31.xml</filename>
  <polarization>HH</polarization>
  <resolution>10</resolution>
  <size>
    <width>512</width>
    <height>512</height>
    <depth>3</depth>
  </size>
  <segmented>0</segmented>
  <object>
    <type>robndbox</type>
    <name>ship</name>
    <difficult>0</difficult>
    <robndbox>
      <cx>350.7432</cx>
      <cy>266.2838</cy>
      <h>37.46150207519531</h>
      <w>11.253308296203613</w>
      <angle>1.2958863301073416</angle>
    </robndbox>
  </object>
</annotation>
