<annotation>
  <folder>RSDD-SAR</folder>
  <filename>0_25_52.xml</filename>
  <polarization>HH</polarization>
  <resolution>10</resolution>
  <size>
    <width>512</width>
    <height>512</height>
    <depth>3</depth>
  </size>
  <segmented>0</segmented>
  <object>
    <type>robndbox</type>
    <name>ship</name>
    <difficult>0</difficult>
    <robndbox>
      <cx>137.5</cx>
      <cy>308.5</cy>
      <h>22.83414649963379</h>
      <w>9.412858009338379</w>
      <angle>0.9453099347381827</angle>
    </robndbox>
  </object>
</annotation>
