<annotation>
  <folder>RSDD-SAR</folder>
  <filename>0_27_27.xml</filename>
  <polarization>HH</polarization>
  <resolution>10</resolution>
  <size>
    <width>512</width>
    <height>512</height>
    <depth>3</depth>
  </size>
  <segmented>0</segmented>
  <object>
    <type>robndbox</type>
    <name>ship</name>
    <difficult>0</difficult>
    <robndbox>
      <cx>167.6896</cx>
      <cy>352.8567</cy>
      <h>30.129043579101562</h>
      <w>8.993114471435547</w>
      <angle>-0.4773462587873205</angle>
    </robndbox>
  </object>
</annotation>
