<annotation>
  <folder>RSDD-SAR</folder>
  <filename>0_27_26.xml</filename>
  <polarization>HH</polarization>
  <resolution>10</resolution>
  <size>
    <width>512</width>
    <height>512</height>
    <depth>3</depth>
  </size>
  <segmented>0</segmented>
  <object>
    <type>robndbox</type>
    <name>ship</name>
    <difficult>0</difficult>
    <robndbox>
      <cx>406.8993</cx>
      <cy>335.3199</cy>
      <h>26.168901443481445</h>
      <w>7.8922247886657715</w>
      <angle>-0.2536743496294267</angle>
    </robndbox>
  </object>
</annotation>
