<annotation>
  <folder>RSDD-SAR</folder>
  <filename>0_27_12.xml</filename>
  <polarization>HH</polarization>
  <resolution>10</resolution>
  <size>
    <width>512</width>
    <height>512</height>
    <depth>3</depth>
  </size>
  <segmented>0</segmented>
  <object>
    <type>robndbox</type>
    <name>ship</name>
    <difficult>0</difficult>
    <robndbox>
      <cx>445.468</cx>
      <cy>434.5234</cy>
      <h>20.297103881835938</h>
      <w>7.752575397491455</w>
      <angle>-0.8163177965484044</angle>
    </robndbox>
  </object>
</annotation>
