<annotation>
  <folder>RSDD-SAR</folder>
  <filename>0_29_23.xml</filename>
  <polarization>HH</polarization>
  <resolution>10</resolution>
  <size>
    <width>512</width>
    <height>512</height>
    <depth>3</depth>
  </size>
  <segmented>0</segmented>
  <object>
    <type>robndbox</type>
    <name>ship</name>
    <difficult>0</difficult>
    <robndbox>
      <cx>8.0513</cx>
      <cy>322.7033</cy>
      <h>14.514400482177734</h>
      <w>6.636397838592529</w>
      <angle>-0.5170993975369877</angle>
    </robndbox>
  </object>
</annotation>
