<annotation>
  <folder>RSDD-SAR</folder>
  <filename>0_29_13.xml</filename>
  <polarization>HH</polarization>
  <resolution>10</resolution>
  <size>
    <width>512</width>
    <height>512</height>
    <depth>3</depth>
  </size>
  <segmented>0</segmented>
  <object>
    <type>robndbox</type>
    <name>ship</name>
    <difficult>0</difficult>
    <robndbox>
      <cx>468.4889</cx>
      <cy>13.8609</cy>
      <h>25.079904556274414</h>
      <w>9.051102638244629</w>
      <angle>1.4909664752231173</angle>
    </robndbox>
  </object>
  <object>
    <type>robndbox</type>
    <name>ship</name>
    <difficult>0</difficult>
    <robndbox>
      <cx>269.2432</cx>
      <cy>85.7838</cy>
      <h>15.470595359802246</h>
      <w>7.2567949295043945</w>
      <angle>1.4909651436425722</angle>
    </robndbox>
  </object>
  <object>
    <type>robndbox</type>
    <name>ship</name>
    <difficult>0</difficult>
    <robndbox>
      <cx>267.5026</cx>
      <cy>53.3689</cy>
      <h>10.836402893066406</h>
      <w>4.77707576751709</w>
      <angle>-1.5506270531297226</angle>
    </robndbox>
  </object>
  <object>
    <type>robndbox</type>
    <name>ship</name>
    <difficult>0</difficult>
    <robndbox>
      <cx>224.6852</cx>
      <cy>68.7696</cy>
      <h>11.756795883178711</h>
      <w>4.045068740844727</w>
      <angle>-1.5206280810093906</angle>
    </robndbox>
  </object>
</annotation>
