<annotation>
  <folder>RSDD-SAR</folder>
  <filename>0_29_54.xml</filename>
  <polarization>HH</polarization>
  <resolution>10</resolution>
  <size>
    <width>512</width>
    <height>512</height>
    <depth>3</depth>
  </size>
  <segmented>0</segmented>
  <object>
    <type>robndbox</type>
    <name>ship</name>
    <difficult>0</difficult>
    <robndbox>
      <cx>486.3982</cx>
      <cy>331.6093</cy>
      <h>38.00309753417969</h>
      <w>10.234156608581543</w>
      <angle>0.9765827030496834</angle>
    </robndbox>
  </object>
</annotation>
