<annotation>
  <folder>RSDD-SAR</folder>
  <filename>0_29_1.xml</filename>
  <polarization>HH</polarization>
  <resolution>10</resolution>
  <size>
    <width>512</width>
    <height>512</height>
    <depth>3</depth>
  </size>
  <segmented>0</segmented>
  <object>
    <type>robndbox</type>
    <name>ship</name>
    <difficult>0</difficult>
    <robndbox>
      <cx>255.0</cx>
      <cy>396.5</cy>
      <h>24.474821090698242</h>
      <w>9.485973358154297</w>
      <angle>-0.3347360463634219</angle>
    </robndbox>
  </object>
</annotation>
