<annotation>
  <folder>RSDD-SAR</folder>
  <filename>0_30_19.xml</filename>
  <polarization>HH</polarization>
  <resolution>10</resolution>
  <size>
    <width>512</width>
    <height>512</height>
    <depth>3</depth>
  </size>
  <segmented>0</segmented>
  <object>
    <type>robndbox</type>
    <name>ship</name>
    <difficult>0</difficult>
    <robndbox>
      <cx>171.7004</cx>
      <cy>414.8554</cy>
      <h>47.235782623291016</h>
      <w>8.948497772216797</w>
      <angle>-0.2644879820776389</angle>
    </robndbox>
  </object>
</annotation>
