<annotation>
  <folder>RSDD-SAR</folder>
  <filename>0_31_16.xml</filename>
  <polarization>HH</polarization>
  <resolution>10</resolution>
  <size>
    <width>512</width>
    <height>512</height>
    <depth>3</depth>
  </size>
  <segmented>0</segmented>
  <object>
    <type>robndbox</type>
    <name>ship</name>
    <difficult>0</difficult>
    <robndbox>
      <cx>448.5</cx>
      <cy>485.0</cy>
      <h>28.769393920898438</h>
      <w>9.865307807922363</w>
      <angle>-0.1480074412680803</angle>
    </robndbox>
  </object>
</annotation>
