<annotation>
  <folder>RSDD-SAR</folder>
  <filename>0_31_43.xml</filename>
  <polarization>HH</polarization>
  <resolution>10</resolution>
  <size>
    <width>512</width>
    <height>512</height>
    <depth>3</depth>
  </size>
  <segmented>0</segmented>
  <object>
    <type>robndbox</type>
    <name>ship</name>
    <difficult>0</difficult>
    <robndbox>
      <cx>235.8884</cx>
      <cy>103.5792</cy>
      <h>55.80138397216797</h>
      <w>12.529362678527832</w>
      <angle>1.0623074616943529</angle>
    </robndbox>
  </object>
</annotation>
