<annotation>
  <folder>RSDD-SAR</folder>
  <filename>0_32_15.xml</filename>
  <polarization>HH</polarization>
  <resolution>10</resolution>
  <size>
    <width>512</width>
    <height>512</height>
    <depth>3</depth>
  </size>
  <segmented>0</segmented>
  <object>
    <type>robndbox</type>
    <name>ship</name>
    <difficult>0</difficult>
    <robndbox>
      <cx>110.0965</cx>
      <cy>144.3738</cy>
      <h>14.275906562805176</h>
      <w>5.978480815887451</w>
      <angle>0.08467070445235146</angle>
    </robndbox>
  </object>
</annotation>
