<annotation>
  <folder>RSDD-SAR</folder>
  <filename>0_32_18.xml</filename>
  <polarization>HH</polarization>
  <resolution>10</resolution>
  <size>
    <width>512</width>
    <height>512</height>
    <depth>3</depth>
  </size>
  <segmented>0</segmented>
  <object>
    <type>robndbox</type>
    <name>ship</name>
    <difficult>0</difficult>
    <robndbox>
      <cx>201.1364</cx>
      <cy>255.0</cy>
      <h>21.111398696899414</h>
      <w>6.269684791564941</w>
      <angle>-0.40024075443166507</angle>
    </robndbox>
  </object>
</annotation>
