<annotation>
  <folder>RSDD-SAR</folder>
  <filename>0_34_5.xml</filename>
  <polarization>HH</polarization>
  <resolution>10</resolution>
  <size>
    <width>512</width>
    <height>512</height>
    <depth>3</depth>
  </size>
  <segmented>0</segmented>
  <object>
    <type>robndbox</type>
    <name>ship</name>
    <difficult>0</difficult>
    <robndbox>
      <cx>396.0</cx>
      <cy>198.0</cy>
      <h>19.40501594543457</h>
      <w>7.710094451904297</w>
      <angle>-0.06673828428516759</angle>
    </robndbox>
  </object>
</annotation>
