<annotation>
  <folder>RSDD-SAR</folder>
  <filename>0_35_6.xml</filename>
  <polarization>HH</polarization>
  <resolution>10</resolution>
  <size>
    <width>512</width>
    <height>512</height>
    <depth>3</depth>
  </size>
  <segmented>0</segmented>
  <object>
    <type>robndbox</type>
    <name>ship</name>
    <difficult>0</difficult>
    <robndbox>
      <cx>468.1216</cx>
      <cy>131.3919</cy>
      <h>37.71018600463867</h>
      <w>8.227383613586426</w>
      <angle>-0.3771747167563253</angle>
    </robndbox>
  </object>
</annotation>
