<annotation>
  <folder>RSDD-SAR</folder>
  <filename>0_38_28.xml</filename>
  <polarization>HH</polarization>
  <resolution>10</resolution>
  <size>
    <width>512</width>
    <height>512</height>
    <depth>3</depth>
  </size>
  <segmented>0</segmented>
  <object>
    <type>robndbox</type>
    <name>ship</name>
    <difficult>0</difficult>
    <robndbox>
      <cx>483.2124</cx>
      <cy>407.0988</cy>
      <h>34.60778045654297</h>
      <w>10.461381912231445</w>
      <angle>0.9568550709588125</angle>
    </robndbox>
  </object>
</annotation>
