<annotation>
  <folder>RSDD-SAR</folder>
  <filename>0_38_49.xml</filename>
  <polarization>HH</polarization>
  <resolution>10</resolution>
  <size>
    <width>512</width>
    <height>512</height>
    <depth>3</depth>
  </size>
  <segmented>0</segmented>
  <object>
    <type>robndbox</type>
    <name>ship</name>
    <difficult>0</difficult>
    <robndbox>
      <cx>444.3283</cx>
      <cy>250.8653</cy>
      <h>56.02140808105469</h>
      <w>13.943696975708008</w>
      <angle>-0.7428698776338639</angle>
    </robndbox>
  </object>
</annotation>
