<annotation>
  <folder>RSDD-SAR</folder>
  <filename>0_39_47.xml</filename>
  <polarization>HH</polarization>
  <resolution>10</resolution>
  <size>
    <width>512</width>
    <height>512</height>
    <depth>3</depth>
  </size>
  <segmented>0</segmented>
  <object>
    <type>robndbox</type>
    <name>ship</name>
    <difficult>0</difficult>
    <robndbox>
      <cx>237.0</cx>
      <cy>377.5</cy>
      <h>36.06282424926758</h>
      <w>10.22140884399414</w>
      <angle>-0.5280746838633679</angle>
    </robndbox>
  </object>
</annotation>
