<annotation>
  <folder>RSDD-SAR</folder>
  <filename>0_41_45.xml</filename>
  <polarization>HH</polarization>
  <resolution>10</resolution>
  <size>
    <width>512</width>
    <height>512</height>
    <depth>3</depth>
  </size>
  <segmented>0</segmented>
  <object>
    <type>robndbox</type>
    <name>ship</name>
    <difficult>0</difficult>
    <robndbox>
      <cx>87.6667</cx>
      <cy>485.0</cy>
      <h>49.55693435668945</h>
      <w>12.004883766174316</w>
      <angle>-0.6032297556156764</angle>
    </robndbox>
  </object>
</annotation>
