<annotation>
  <folder>RSDD-SAR</folder>
  <filename>0_41_46.xml</filename>
  <polarization>HH</polarization>
  <resolution>10</resolution>
  <size>
    <width>512</width>
    <height>512</height>
    <depth>3</depth>
  </size>
  <segmented>0</segmented>
  <object>
    <type>robndbox</type>
    <name>ship</name>
    <difficult>0</difficult>
    <robndbox>
      <cx>337.4759</cx>
      <cy>106.9759</cy>
      <h>16.97748374938965</h>
      <w>6.0634050369262695</w>
      <angle>-0.24497686498339144</angle>
    </robndbox>
  </object>
</annotation>
