<annotation>
  <folder>RSDD-SAR</folder>
  <filename>0_42_44.xml</filename>
  <polarization>HH</polarization>
  <resolution>10</resolution>
  <size>
    <width>512</width>
    <height>512</height>
    <depth>3</depth>
  </size>
  <segmented>0</segmented>
  <object>
    <type>robndbox</type>
    <name>ship</name>
    <difficult>0</difficult>
    <robndbox>
      <cx>494.162</cx>
      <cy>362.61</cy>
      <h>37.518714904785156</h>
      <w>10.751301765441895</w>
      <angle>-0.6979051989470205</angle>
    </robndbox>
  </object>
</annotation>
