<annotation>
  <folder>RSDD-SAR</folder>
  <filename>0_42_38.xml</filename>
  <polarization>HH</polarization>
  <resolution>10</resolution>
  <size>
    <width>512</width>
    <height>512</height>
    <depth>3</depth>
  </size>
  <segmented>0</segmented>
  <object>
    <type>robndbox</type>
    <name>ship</name>
    <difficult>0</difficult>
    <robndbox>
      <cx>280.9779</cx>
      <cy>345.1822</cy>
      <h>43.741920471191406</h>
      <w>11.413225173950195</w>
      <angle>-1.3573054661025372</angle>
    </robndbox>
  </object>
</annotation>
