<annotation>
  <folder>RSDD-SAR</folder>
  <filename>0_43_20.xml</filename>
  <polarization>HH</polarization>
  <resolution>10</resolution>
  <size>
    <width>512</width>
    <height>512</height>
    <depth>3</depth>
  </size>
  <segmented>0</segmented>
  <object>
    <type>robndbox</type>
    <name>ship</name>
    <difficult>0</difficult>
    <robndbox>
      <cx>66.6111</cx>
      <cy>219.5</cy>
      <h>18.136995315551758</h>
      <w>7.702008247375488</w>
      <angle>0.46364789024633435</angle>
    </robndbox>
  </object>
</annotation>
