<annotation>
  <folder>RSDD-SAR</folder>
  <filename>0_44_38.xml</filename>
  <polarization>HH</polarization>
  <resolution>10</resolution>
  <size>
    <width>512</width>
    <height>512</height>
    <depth>3</depth>
  </size>
  <segmented>0</segmented>
  <object>
    <type>robndbox</type>
    <name>ship</name>
    <difficult>0</difficult>
    <robndbox>
      <cx>10.2432</cx>
      <cy>240.7838</cy>
      <h>34.79039764404297</h>
      <w>12.232196807861328</w>
      <angle>-1.451367275506835</angle>
    </robndbox>
  </object>
</annotation>
