<annotation>
  <folder>RSDD-SAR</folder>
  <filename>0_44_48.xml</filename>
  <polarization>HH</polarization>
  <resolution>10</resolution>
  <size>
    <width>512</width>
    <height>512</height>
    <depth>3</depth>
  </size>
  <segmented>0</segmented>
  <object>
    <type>robndbox</type>
    <name>ship</name>
    <difficult>0</difficult>
    <robndbox>
      <cx>60.086</cx>
      <cy>61.7088</cy>
      <h>55.45569610595703</h>
      <w>12.004202842712402</w>
      <angle>-0.6262974577666975</angle>
    </robndbox>
  </object>
</annotation>
