<annotation>
  <folder>RSDD-SAR</folder>
  <filename>0_44_45.xml</filename>
  <polarization>HH</polarization>
  <resolution>10</resolution>
  <size>
    <width>512</width>
    <height>512</height>
    <depth>3</depth>
  </size>
  <segmented>0</segmented>
  <object>
    <type>robndbox</type>
    <name>ship</name>
    <difficult>0</difficult>
    <robndbox>
      <cx>415.0</cx>
      <cy>47.0</cy>
      <h>29.242000579833984</h>
      <w>6.701310157775879</w>
      <angle>-0.41822747811795113</angle>
    </robndbox>
  </object>
</annotation>
