<annotation>
  <folder>RSDD-SAR</folder>
  <filename>0_46_38.xml</filename>
  <polarization>HH</polarization>
  <resolution>10</resolution>
  <size>
    <width>512</width>
    <height>512</height>
    <depth>3</depth>
  </size>
  <segmented>0</segmented>
  <object>
    <type>robndbox</type>
    <name>ship</name>
    <difficult>0</difficult>
    <robndbox>
      <cx>132.2432</cx>
      <cy>374.7838</cy>
      <h>38.802494049072266</h>
      <w>11.591510772705078</w>
      <angle>-0.706200080215263</angle>
    </robndbox>
  </object>
</annotation>
