<annotation>
  <folder>RSDD-SAR</folder>
  <filename>0_47_33.xml</filename>
  <polarization>HH</polarization>
  <resolution>10</resolution>
  <size>
    <width>512</width>
    <height>512</height>
    <depth>3</depth>
  </size>
  <segmented>0</segmented>
  <object>
    <type>robndbox</type>
    <name>ship</name>
    <difficult>0</difficult>
    <robndbox>
      <cx>452.5883</cx>
      <cy>238.6216</cy>
      <h>39.85579299926758</h>
      <w>11.445907592773438</w>
      <angle>1.0698757660381946</angle>
    </robndbox>
  </object>
</annotation>
