<annotation>
  <folder>RSDD-SAR</folder>
  <filename>0_47_37.xml</filename>
  <polarization>HH</polarization>
  <resolution>10</resolution>
  <size>
    <width>512</width>
    <height>512</height>
    <depth>3</depth>
  </size>
  <segmented>0</segmented>
  <object>
    <type>robndbox</type>
    <name>ship</name>
    <difficult>0</difficult>
    <robndbox>
      <cx>141.1216</cx>
      <cy>395.2838</cy>
      <h>48.83452606201172</h>
      <w>10.639199256896973</w>
      <angle>-1.4382445492354696</angle>
    </robndbox>
  </object>
  <object>
    <type>robndbox</type>
    <name>ship</name>
    <difficult>0</difficult>
    <robndbox>
      <cx>54.0</cx>
      <cy>62.5</cy>
      <h>11.0</h>
      <w>4.0</w>
      <angle>-1.5707963267948966</angle>
    </robndbox>
  </object>
</annotation>
