<annotation>
  <folder>RSDD-SAR</folder>
  <filename>0_49_0.xml</filename>
  <polarization>HH</polarization>
  <resolution>10</resolution>
  <size>
    <width>512</width>
    <height>512</height>
    <depth>3</depth>
  </size>
  <segmented>0</segmented>
  <object>
    <type>robndbox</type>
    <name>ship</name>
    <difficult>0</difficult>
    <robndbox>
      <cx>89.22827911376953</cx>
      <cy>310.3706359863281</cy>
      <h>23.2594051361084</h>
      <w>8.039743423461914</w>
      <angle>0.44441833585833546</angle>
    </robndbox>
  </object>
  <object>
    <type>robndbox</type>
    <name>ship</name>
    <difficult>0</difficult>
    <robndbox>
      <cx>80.90218353271484</cx>
      <cy>393.96636962890625</cy>
      <h>33.837852478027344</h>
      <w>11.702881813049316</w>
      <angle>0.3310960710750154</angle>
    </robndbox>
  </object>
  <object>
    <type>robndbox</type>
    <name>ship</name>
    <difficult>0</difficult>
    <robndbox>
      <cx>178.24000549316406</cx>
      <cy>469.17999267578125</cy>
      <h>24.999998092651367</h>
      <w>9.199980735778809</w>
      <angle>0.6435010789344459</angle>
    </robndbox>
  </object>
</annotation>
