<annotation>
  <folder>RSDD-SAR</folder>
  <filename>0_50_51.xml</filename>
  <polarization>HH</polarization>
  <resolution>10</resolution>
  <size>
    <width>512</width>
    <height>512</height>
    <depth>3</depth>
  </size>
  <segmented>0</segmented>
  <object>
    <type>robndbox</type>
    <name>ship</name>
    <difficult>0</difficult>
    <robndbox>
      <cx>385.6465</cx>
      <cy>451.1388</cy>
      <h>18.065582275390625</h>
      <w>7.9936299324035645</w>
      <angle>1.5308176183008995</angle>
    </robndbox>
  </object>
  <object>
    <type>robndbox</type>
    <name>ship</name>
    <difficult>0</difficult>
    <robndbox>
      <cx>132.0258</cx>
      <cy>234.0864</cy>
      <h>13.057004928588867</h>
      <w>5.886696815490723</w>
      <angle>1.1708173610983863</angle>
    </robndbox>
  </object>
  <object>
    <type>robndbox</type>
    <name>ship</name>
    <difficult>0</difficult>
    <robndbox>
      <cx>33.6617</cx>
      <cy>214.9623</cy>
      <h>13.92969799041748</h>
      <w>6.696098804473877</w>
      <angle>0.9908176985503205</angle>
    </robndbox>
  </object>
  <object>
    <type>robndbox</type>
    <name>ship</name>
    <difficult>0</difficult>
    <robndbox>
      <cx>180.3694</cx>
      <cy>109.7977</cy>
      <h>7.733089447021484</h>
      <w>4.633800506591797</w>
      <angle>0.6608193491871222</angle>
    </robndbox>
  </object>
  <object>
    <type>robndbox</type>
    <name>ship</name>
    <difficult>0</difficult>
    <robndbox>
      <cx>447.9006</cx>
      <cy>267.6995</cy>
      <h>11.61062240600586</h>
      <w>4.745683670043945</w>
      <angle>1.3308116904329133</angle>
    </robndbox>
  </object>
  <object>
    <type>robndbox</type>
    <name>ship</name>
    <difficult>0</difficult>
    <robndbox>
      <cx>428.1122</cx>
      <cy>170.7762</cy>
      <h>10.125499725341797</h>
      <w>5.759298324584961</w>
      <angle>-0.4899800286825473</angle>
    </robndbox>
  </object>
  <object>
    <type>robndbox</type>
    <name>ship</name>
    <difficult>0</difficult>
    <robndbox>
      <cx>487.6939</cx>
      <cy>306.5</cy>
      <h>12.503763198852539</h>
      <w>4.96529483795166</w>
      <angle>1.1108184056887458</angle>
    </robndbox>
  </object>
  <object>
    <type>robndbox</type>
    <name>ship</name>
    <difficult>0</difficult>
    <robndbox>
      <cx>155.918</cx>
      <cy>310.9222</cy>
      <h>7.047804355621338</h>
      <w>4.396007537841797</w>
      <angle>-0.3091855457071473</angle>
    </robndbox>
  </object>
  <object>
    <type>robndbox</type>
    <name>ship</name>
    <difficult>0</difficult>
    <robndbox>
      <cx>132.5959</cx>
      <cy>59.3309</cy>
      <h>26.23740577697754</h>
      <w>7.745908260345459</w>
      <angle>-1.3207745192452705</angle>
    </robndbox>
  </object>
</annotation>
