<annotation>
  <folder>RSDD-SAR</folder>
  <filename>0_50_52.xml</filename>
  <polarization>HH</polarization>
  <resolution>10</resolution>
  <size>
    <width>512</width>
    <height>512</height>
    <depth>3</depth>
  </size>
  <segmented>0</segmented>
  <object>
    <type>robndbox</type>
    <name>ship</name>
    <difficult>0</difficult>
    <robndbox>
      <cx>460.8016</cx>
      <cy>70.7563</cy>
      <h>11.744311332702637</h>
      <w>5.157904148101807</w>
      <angle>-0.21189694213519017</angle>
    </robndbox>
  </object>
  <object>
    <type>robndbox</type>
    <name>ship</name>
    <difficult>0</difficult>
    <robndbox>
      <cx>262.892</cx>
      <cy>284.5334</cy>
      <h>11.19067096710205</h>
      <w>4.947581768035889</w>
      <angle>-0.4183044434734544</angle>
    </robndbox>
  </object>
  <object>
    <type>robndbox</type>
    <name>ship</name>
    <difficult>0</difficult>
    <robndbox>
      <cx>148.0801</cx>
      <cy>489.5974</cy>
      <h>8.740591049194336</h>
      <w>5.254109859466553</w>
      <angle>-0.2418991828696413</angle>
    </robndbox>
  </object>
  <object>
    <type>robndbox</type>
    <name>ship</name>
    <difficult>0</difficult>
    <robndbox>
      <cx>503.3286</cx>
      <cy>243.3279</cy>
      <h>7.523995876312256</h>
      <w>4.488201141357422</w>
      <angle>-0.6918955096311478</angle>
    </robndbox>
  </object>
  <object>
    <type>robndbox</type>
    <name>ship</name>
    <difficult>0</difficult>
    <robndbox>
      <cx>246.2972</cx>
      <cy>396.2306</cy>
      <h>14.603791236877441</h>
      <w>7.587786674499512</w>
      <angle>1.2488996463628557</angle>
    </robndbox>
  </object>
  <object>
    <type>robndbox</type>
    <name>ship</name>
    <difficult>0</difficult>
    <robndbox>
      <cx>484.4311</cx>
      <cy>311.1941</cy>
      <h>11.81840991973877</h>
      <w>6.20089864730835</w>
      <angle>0.17889824570023632</angle>
    </robndbox>
  </object>
  <object>
    <type>robndbox</type>
    <name>ship</name>
    <difficult>0</difficult>
    <robndbox>
      <cx>289.476</cx>
      <cy>349.7273</cy>
      <h>16.233217239379883</h>
      <w>6.9894843101501465</w>
      <angle>0.31890055762667463</angle>
    </robndbox>
  </object>
  <object>
    <type>robndbox</type>
    <name>ship</name>
    <difficult>0</difficult>
    <robndbox>
      <cx>395.9451</cx>
      <cy>193.9535</cy>
      <h>11.300385475158691</h>
      <w>5.404791355133057</w>
      <angle>0.8089007597544793</angle>
    </robndbox>
  </object>
  <object>
    <type>robndbox</type>
    <name>ship</name>
    <difficult>0</difficult>
    <robndbox>
      <cx>239.1553</cx>
      <cy>152.5046</cy>
      <h>12.30208969116211</h>
      <w>5.570395469665527</w>
      <angle>0.8688994488480107</angle>
    </robndbox>
  </object>
  <object>
    <type>robndbox</type>
    <name>ship</name>
    <difficult>0</difficult>
    <robndbox>
      <cx>247.1648</cx>
      <cy>23.7566</cy>
      <h>13.385194778442383</h>
      <w>4.9318718910217285</w>
      <angle>1.1788984571101226</angle>
    </robndbox>
  </object>
  <object>
    <type>robndbox</type>
    <name>ship</name>
    <difficult>0</difficult>
    <robndbox>
      <cx>455.274</cx>
      <cy>497.8755</cy>
      <h>11.841456413269043</h>
      <w>4.798595428466797</w>
      <angle>-0.851897029500618</angle>
    </robndbox>
  </object>
</annotation>
