<annotation>
  <folder>RSDD-SAR</folder>
  <filename>0_50_35.xml</filename>
  <polarization>HH</polarization>
  <resolution>10</resolution>
  <size>
    <width>512</width>
    <height>512</height>
    <depth>3</depth>
  </size>
  <segmented>0</segmented>
  <object>
    <type>robndbox</type>
    <name>ship</name>
    <difficult>0</difficult>
    <robndbox>
      <cx>443.2927</cx>
      <cy>205.5439</cy>
      <h>50.32707595825195</h>
      <w>12.981303215026855</w>
      <angle>-0.4042184518358074</angle>
    </robndbox>
  </object>
</annotation>
