<annotation>
  <folder>RSDD-SAR</folder>
  <filename>0_50_1.xml</filename>
  <polarization>HH</polarization>
  <resolution>10</resolution>
  <size>
    <width>512</width>
    <height>512</height>
    <depth>3</depth>
  </size>
  <segmented>0</segmented>
  <object>
    <type>robndbox</type>
    <name>ship</name>
    <difficult>0</difficult>
    <robndbox>
      <cx>52.3579</cx>
      <cy>226.4998</cy>
      <h>21.118114471435547</h>
      <w>8.813203811645508</w>
      <angle>0.635027499557059</angle>
    </robndbox>
  </object>
</annotation>
