<annotation>
  <folder>RSDD-SAR</folder>
  <filename>0_6_42.xml</filename>
  <polarization>HH</polarization>
  <resolution>10</resolution>
  <size>
    <width>512</width>
    <height>512</height>
    <depth>3</depth>
  </size>
  <segmented>0</segmented>
  <object>
    <type>robndbox</type>
    <name>ship</name>
    <difficult>0</difficult>
    <robndbox>
      <cx>44.9903</cx>
      <cy>413.282</cy>
      <h>33.499080657958984</h>
      <w>16.051206588745117</w>
      <angle>0.7475684927450907</angle>
    </robndbox>
  </object>
</annotation>
