<annotation>
  <folder>RSDD-SAR</folder>
  <filename>0_7_41.xml</filename>
  <polarization>HH</polarization>
  <resolution>10</resolution>
  <size>
    <width>512</width>
    <height>512</height>
    <depth>3</depth>
  </size>
  <segmented>0</segmented>
  <object>
    <type>robndbox</type>
    <name>ship</name>
    <difficult>0</difficult>
    <robndbox>
      <cx>497.3649</cx>
      <cy>204.3919</cy>
      <h>27.65969467163086</h>
      <w>12.380406379699707</w>
      <angle>0.8721374532593835</angle>
    </robndbox>
  </object>
</annotation>
