<annotation>
  <folder>RSDD-SAR</folder>
  <filename>0_7_42.xml</filename>
  <polarization>HH</polarization>
  <resolution>10</resolution>
  <size>
    <width>512</width>
    <height>512</height>
    <depth>3</depth>
  </size>
  <segmented>0</segmented>
  <object>
    <type>robndbox</type>
    <name>ship</name>
    <difficult>0</difficult>
    <robndbox>
      <cx>110.5</cx>
      <cy>115.0</cy>
      <h>23.077587127685547</h>
      <w>7.240604400634766</w>
      <angle>1.3911280280654639</angle>
    </robndbox>
  </object>
  <object>
    <type>robndbox</type>
    <name>ship</name>
    <difficult>0</difficult>
    <robndbox>
      <cx>30.8935</cx>
      <cy>101.2883</cy>
      <h>19.41340446472168</h>
      <w>8.016700744628906</w>
      <angle>1.3811281244883253</angle>
    </robndbox>
  </object>
</annotation>
