<annotation>
  <folder>RSDD-SAR</folder>
  <filename>0_8_40.xml</filename>
  <polarization>HH</polarization>
  <resolution>10</resolution>
  <size>
    <width>512</width>
    <height>512</height>
    <depth>3</depth>
  </size>
  <segmented>0</segmented>
  <object>
    <type>robndbox</type>
    <name>ship</name>
    <difficult>0</difficult>
    <robndbox>
      <cx>77.0</cx>
      <cy>146.0</cy>
      <h>22.516687393188477</h>
      <w>8.543886184692383</w>
      <angle>1.2068162416593688</angle>
    </robndbox>
  </object>
  <object>
    <type>robndbox</type>
    <name>ship</name>
    <difficult>0</difficult>
    <robndbox>
      <cx>153.3108</cx>
      <cy>30.8919</cy>
      <h>19.570093154907227</h>
      <w>7.678405284881592</w>
      <angle>0.5070991943542266</angle>
    </robndbox>
  </object>
  <object>
    <type>robndbox</type>
    <name>ship</name>
    <difficult>0</difficult>
    <robndbox>
      <cx>344.3108</cx>
      <cy>19.3919</cy>
      <h>22.669921875</h>
      <w>11.852506637573242</w>
      <angle>0.6078029358395605</angle>
    </robndbox>
  </object>
  <object>
    <type>robndbox</type>
    <name>ship</name>
    <difficult>0</difficult>
    <robndbox>
      <cx>210.1895</cx>
      <cy>211.1263</cy>
      <h>22.70441246032715</h>
      <w>7.920464038848877</w>
      <angle>0.5543056221781577</angle>
    </robndbox>
  </object>
</annotation>
