<annotation>
  <folder>RSDD-SAR</folder>
  <filename>100_21_27.xml</filename>
  <polarization>HV</polarization>
  <resolution>10</resolution>
  <size>
    <width>512</width>
    <height>512</height>
    <depth>3</depth>
  </size>
  <segmented>0</segmented>
  <object>
    <type>robndbox</type>
    <name>ship</name>
    <difficult>0</difficult>
    <robndbox>
      <cx>58.5</cx>
      <cy>37.5</cy>
      <h>52.257198333740234</h>
      <w>10.15799617767334</w>
      <angle>-0.2860513311079016</angle>
    </robndbox>
  </object>
</annotation>
