<annotation>
  <folder>RSDD-SAR</folder>
  <filename>100_13_38.xml</filename>
  <polarization>HV</polarization>
  <resolution>10</resolution>
  <size>
    <width>512</width>
    <height>512</height>
    <depth>3</depth>
  </size>
  <segmented>0</segmented>
  <object>
    <type>robndbox</type>
    <name>ship</name>
    <difficult>0</difficult>
    <robndbox>
      <cx>464.3147</cx>
      <cy>260.8341</cy>
      <h>57.26722717285156</h>
      <w>10.782491683959961</w>
      <angle>0.11914130505465685</angle>
    </robndbox>
  </object>
</annotation>
