<annotation>
  <folder>RSDD-SAR</folder>
  <filename>100_10_75.xml</filename>
  <polarization>HV</polarization>
  <resolution>10</resolution>
  <size>
    <width>512</width>
    <height>512</height>
    <depth>3</depth>
  </size>
  <segmented>0</segmented>
  <object>
    <type>robndbox</type>
    <name>ship</name>
    <difficult>0</difficult>
    <robndbox>
      <cx>326.7071</cx>
      <cy>79.9719</cy>
      <h>53.702735900878906</h>
      <w>8.526201248168945</w>
      <angle>-0.21809318588542292</angle>
    </robndbox>
  </object>
</annotation>
