<annotation>
  <folder>RSDD-SAR</folder>
  <filename>100_14_68.xml</filename>
  <polarization>HV</polarization>
  <resolution>10</resolution>
  <size>
    <width>512</width>
    <height>512</height>
    <depth>3</depth>
  </size>
  <segmented>0</segmented>
  <object>
    <type>robndbox</type>
    <name>ship</name>
    <difficult>0</difficult>
    <robndbox>
      <cx>148.3567</cx>
      <cy>320.863</cy>
      <h>93.45430755615234</h>
      <w>9.684916496276855</w>
      <angle>-0.04104996504248137</angle>
    </robndbox>
  </object>
</annotation>
