<annotation>
  <folder>RSDD-SAR</folder>
  <filename>100_17_45.xml</filename>
  <polarization>HV</polarization>
  <resolution>10</resolution>
  <size>
    <width>512</width>
    <height>512</height>
    <depth>3</depth>
  </size>
  <segmented>0</segmented>
  <object>
    <type>robndbox</type>
    <name>ship</name>
    <difficult>0</difficult>
    <robndbox>
      <cx>35.8254</cx>
      <cy>133.5835</cy>
      <h>53.0316047668457</h>
      <w>9.13809585571289</w>
      <angle>-0.23679936254019407</angle>
    </robndbox>
  </object>
</annotation>
