<annotation>
  <folder>RSDD-SAR</folder>
  <filename>100_40_27.xml</filename>
  <polarization>HV</polarization>
  <resolution>10</resolution>
  <size>
    <width>512</width>
    <height>512</height>
    <depth>3</depth>
  </size>
  <segmented>0</segmented>
  <object>
    <type>robndbox</type>
    <name>ship</name>
    <difficult>0</difficult>
    <robndbox>
      <cx>100.0618</cx>
      <cy>344.9225</cy>
      <h>59.6698112487793</h>
      <w>16.671113967895508</w>
      <angle>0.7005846053197493</angle>
    </robndbox>
  </object>
</annotation>
