<annotation>
  <folder>RSDD-SAR</folder>
  <filename>100_36_31.xml</filename>
  <polarization>HV</polarization>
  <resolution>10</resolution>
  <size>
    <width>512</width>
    <height>512</height>
    <depth>3</depth>
  </size>
  <segmented>0</segmented>
  <object>
    <type>robndbox</type>
    <name>ship</name>
    <difficult>0</difficult>
    <robndbox>
      <cx>56.5753</cx>
      <cy>470.2098</cy>
      <h>63.96548843383789</h>
      <w>9.101216316223145</w>
      <angle>0.2462516702629419</angle>
    </robndbox>
  </object>
</annotation>
