<annotation>
  <folder>RSDD-SAR</folder>
  <filename>100_37_39.xml</filename>
  <polarization>HV</polarization>
  <resolution>10</resolution>
  <size>
    <width>512</width>
    <height>512</height>
    <depth>3</depth>
  </size>
  <segmented>0</segmented>
  <object>
    <type>robndbox</type>
    <name>ship</name>
    <difficult>0</difficult>
    <robndbox>
      <cx>425.7432</cx>
      <cy>24.2838</cy>
      <h>74.27127075195312</h>
      <w>10.477396011352539</w>
      <angle>0.12347439298389189</angle>
    </robndbox>
  </object>
</annotation>
