<annotation>
  <folder>RSDD-SAR</folder>
  <filename>100_41_27.xml</filename>
  <polarization>HV</polarization>
  <resolution>10</resolution>
  <size>
    <width>512</width>
    <height>512</height>
    <depth>3</depth>
  </size>
  <segmented>0</segmented>
  <object>
    <type>robndbox</type>
    <name>ship</name>
    <difficult>0</difficult>
    <robndbox>
      <cx>477.2347</cx>
      <cy>134.124</cy>
      <h>53.75885009765625</h>
      <w>12.695388793945312</w>
      <angle>0.576891957962147</angle>
    </robndbox>
  </object>
  <object>
    <type>robndbox</type>
    <name>ship</name>
    <difficult>0</difficult>
    <robndbox>
      <cx>40.0254</cx>
      <cy>488.3962</cy>
      <h>35.026100158691406</h>
      <w>12.611445426940918</w>
      <angle>1.2368903877432522</angle>
    </robndbox>
  </object>
  <object>
    <type>robndbox</type>
    <name>ship</name>
    <difficult>0</difficult>
    <robndbox>
      <cx>37.2556</cx>
      <cy>192.1945</cy>
      <h>35.8114013671875</h>
      <w>9.798797607421875</w>
      <angle>0.5168920371566114</angle>
    </robndbox>
  </object>
</annotation>
