<annotation>
  <folder>RSDD-SAR</folder>
  <filename>100_32_24.xml</filename>
  <polarization>HV</polarization>
  <resolution>10</resolution>
  <size>
    <width>512</width>
    <height>512</height>
    <depth>3</depth>
  </size>
  <segmented>0</segmented>
  <object>
    <type>robndbox</type>
    <name>ship</name>
    <difficult>0</difficult>
    <robndbox>
      <cx>462.726</cx>
      <cy>435.194</cy>
      <h>65.5956039428711</h>
      <w>15.465934753417969</w>
      <angle>0.40800340295605525</angle>
    </robndbox>
  </object>
</annotation>
