<annotation>
  <folder>RSDD-SAR</folder>
  <filename>100_34_33.xml</filename>
  <polarization>HV</polarization>
  <resolution>10</resolution>
  <size>
    <width>512</width>
    <height>512</height>
    <depth>3</depth>
  </size>
  <segmented>0</segmented>
  <object>
    <type>robndbox</type>
    <name>ship</name>
    <difficult>0</difficult>
    <robndbox>
      <cx>418.0573</cx>
      <cy>384.7444</cy>
      <h>84.78604125976562</h>
      <w>14.563478469848633</w>
      <angle>0.09991383958363799</angle>
    </robndbox>
  </object>
</annotation>
