<annotation>
  <folder>RSDD-SAR</folder>
  <filename>101_5_52.xml</filename>
  <polarization>HH</polarization>
  <resolution>10</resolution>
  <size>
    <width>512</width>
    <height>512</height>
    <depth>3</depth>
  </size>
  <segmented>0</segmented>
  <object>
    <type>robndbox</type>
    <name>ship</name>
    <difficult>0</difficult>
    <robndbox>
      <cx>362.6531</cx>
      <cy>465.9412</cy>
      <h>60.15966796875</h>
      <w>11.132594108581543</w>
      <angle>0.17783414639718156</angle>
    </robndbox>
  </object>
  <object>
    <type>robndbox</type>
    <name>ship</name>
    <difficult>0</difficult>
    <robndbox>
      <cx>102.0483</cx>
      <cy>217.4598</cy>
      <h>63.0330924987793</h>
      <w>10.952764511108398</w>
      <angle>0.22021174717733788</angle>
    </robndbox>
  </object>
</annotation>
