<annotation>
  <folder>RSDD-SAR</folder>
  <filename>101_11_47.xml</filename>
  <polarization>HH</polarization>
  <resolution>10</resolution>
  <size>
    <width>512</width>
    <height>512</height>
    <depth>3</depth>
  </size>
  <segmented>0</segmented>
  <object>
    <type>robndbox</type>
    <name>ship</name>
    <difficult>0</difficult>
    <robndbox>
      <cx>462.3158</cx>
      <cy>30.8547</cy>
      <h>30.592697143554688</h>
      <w>6.643502235412598</w>
      <angle>0.2210953008032421</angle>
    </robndbox>
  </object>
  <object>
    <type>robndbox</type>
    <name>ship</name>
    <difficult>0</difficult>
    <robndbox>
      <cx>289.6985</cx>
      <cy>350.4274</cy>
      <h>36.325111389160156</h>
      <w>8.109992980957031</w>
      <angle>0.39109352845654266</angle>
    </robndbox>
  </object>
  <object>
    <type>robndbox</type>
    <name>ship</name>
    <difficult>0</difficult>
    <robndbox>
      <cx>216.6442</cx>
      <cy>236.52</cy>
      <h>31.81650733947754</h>
      <w>7.873814582824707</w>
      <angle>0.33109284199219363</angle>
    </robndbox>
  </object>
  <object>
    <type>robndbox</type>
    <name>ship</name>
    <difficult>0</difficult>
    <robndbox>
      <cx>387.2239</cx>
      <cy>179.3381</cy>
      <h>30.121116638183594</h>
      <w>8.384090423583984</w>
      <angle>0.29109559123910694</angle>
    </robndbox>
  </object>
  <object>
    <type>robndbox</type>
    <name>ship</name>
    <difficult>0</difficult>
    <robndbox>
      <cx>154.1906</cx>
      <cy>116.3696</cy>
      <h>34.39019012451172</h>
      <w>9.359198570251465</w>
      <angle>0.3010930646817508</angle>
    </robndbox>
  </object>
</annotation>
