<annotation>
  <folder>RSDD-SAR</folder>
  <filename>101_11_1.xml</filename>
  <polarization>HH</polarization>
  <resolution>10</resolution>
  <size>
    <width>512</width>
    <height>512</height>
    <depth>3</depth>
  </size>
  <segmented>0</segmented>
  <object>
    <type>robndbox</type>
    <name>ship</name>
    <difficult>0</difficult>
    <robndbox>
      <cx>369.0246</cx>
      <cy>394.0246</cy>
      <h>10.156778335571289</h>
      <w>4.984489440917969</w>
      <angle>-0.32302373020536246</angle>
    </robndbox>
  </object>
  <object>
    <type>robndbox</type>
    <name>ship</name>
    <difficult>0</difficult>
    <robndbox>
      <cx>142.3083</cx>
      <cy>465.349</cy>
      <h>53.4972038269043</h>
      <w>10.377285957336426</w>
      <angle>-0.48302431796845124</angle>
    </robndbox>
  </object>
  <object>
    <type>robndbox</type>
    <name>ship</name>
    <difficult>0</difficult>
    <robndbox>
      <cx>124.1118</cx>
      <cy>450.3931</cy>
      <h>64.0869140625</h>
      <w>11.357294082641602</w>
      <angle>-0.46302457739320113</angle>
    </robndbox>
  </object>
</annotation>
