<annotation>
  <folder>RSDD-SAR</folder>
  <filename>101_6_48.xml</filename>
  <polarization>HH</polarization>
  <resolution>10</resolution>
  <size>
    <width>512</width>
    <height>512</height>
    <depth>3</depth>
  </size>
  <segmented>0</segmented>
  <object>
    <type>robndbox</type>
    <name>ship</name>
    <difficult>0</difficult>
    <robndbox>
      <cx>220.9783</cx>
      <cy>34.8302</cy>
      <h>57.944393157958984</h>
      <w>9.00200080871582</w>
      <angle>0.2968250494292762</angle>
    </robndbox>
  </object>
</annotation>
