<annotation>
  <folder>RSDD-SAR</folder>
  <filename>101_5_49.xml</filename>
  <polarization>HH</polarization>
  <resolution>10</resolution>
  <size>
    <width>512</width>
    <height>512</height>
    <depth>3</depth>
  </size>
  <segmented>0</segmented>
  <object>
    <type>robndbox</type>
    <name>ship</name>
    <difficult>0</difficult>
    <robndbox>
      <cx>329.0384</cx>
      <cy>301.6486</cy>
      <h>61.42119216918945</h>
      <w>10.917073249816895</w>
      <angle>0.2937427400731321</angle>
    </robndbox>
  </object>
</annotation>
