<annotation>
  <folder>RSDD-SAR</folder>
  <filename>101_4_50.xml</filename>
  <polarization>HH</polarization>
  <resolution>10</resolution>
  <size>
    <width>512</width>
    <height>512</height>
    <depth>3</depth>
  </size>
  <segmented>0</segmented>
  <object>
    <type>robndbox</type>
    <name>ship</name>
    <difficult>0</difficult>
    <robndbox>
      <cx>61.8705</cx>
      <cy>82.6021</cy>
      <h>55.697689056396484</h>
      <w>8.405600547790527</w>
      <angle>0.19943992291256044</angle>
    </robndbox>
  </object>
</annotation>
