<annotation>
  <folder>RSDD-SAR</folder>
  <filename>101_9_53.xml</filename>
  <polarization>HH</polarization>
  <resolution>10</resolution>
  <size>
    <width>512</width>
    <height>512</height>
    <depth>3</depth>
  </size>
  <segmented>0</segmented>
  <object>
    <type>robndbox</type>
    <name>ship</name>
    <difficult>0</difficult>
    <robndbox>
      <cx>201.9759</cx>
      <cy>229.363</cy>
      <h>27.246288299560547</h>
      <w>13.001300811767578</w>
      <angle>0.411750803504933</angle>
    </robndbox>
  </object>
  <object>
    <type>robndbox</type>
    <name>ship</name>
    <difficult>0</difficult>
    <robndbox>
      <cx>462.0183</cx>
      <cy>322.6176</cy>
      <h>19.99981117248535</h>
      <w>6.656378269195557</w>
      <angle>0.6480033524943066</angle>
    </robndbox>
  </object>
  <object>
    <type>robndbox</type>
    <name>ship</name>
    <difficult>0</difficult>
    <robndbox>
      <cx>443.2083</cx>
      <cy>234.2583</cy>
      <h>29.35972023010254</h>
      <w>12.601493835449219</w>
      <angle>0.511751204146377</angle>
    </robndbox>
  </object>
  <object>
    <type>robndbox</type>
    <name>ship</name>
    <difficult>0</difficult>
    <robndbox>
      <cx>300.2641</cx>
      <cy>207.8575</cy>
      <h>18.067806243896484</h>
      <w>6.9521942138671875</w>
      <angle>0.04175044714938867</angle>
    </robndbox>
  </object>
  <object>
    <type>robndbox</type>
    <name>ship</name>
    <difficult>0</difficult>
    <robndbox>
      <cx>368.7356</cx>
      <cy>190.411</cy>
      <h>29.57746696472168</h>
      <w>7.652712821960449</w>
      <angle>0.29175089531483456</angle>
    </robndbox>
  </object>
  <object>
    <type>robndbox</type>
    <name>ship</name>
    <difficult>0</difficult>
    <robndbox>
      <cx>393.7449</cx>
      <cy>424.5</cy>
      <h>25.122909545898438</h>
      <w>14.793304443359375</w>
      <angle>0.5217508414074065</angle>
    </robndbox>
  </object>
  <object>
    <type>robndbox</type>
    <name>ship</name>
    <difficult>0</difficult>
    <robndbox>
      <cx>306.8834</cx>
      <cy>467.8782</cy>
      <h>24.18611717224121</h>
      <w>6.781094074249268</w>
      <angle>0.511751204146377</angle>
    </robndbox>
  </object>
</annotation>
