<annotation>
  <folder>RSDD-SAR</folder>
  <filename>101_4_47.xml</filename>
  <polarization>HH</polarization>
  <resolution>10</resolution>
  <size>
    <width>512</width>
    <height>512</height>
    <depth>3</depth>
  </size>
  <segmented>0</segmented>
  <object>
    <type>robndbox</type>
    <name>ship</name>
    <difficult>0</difficult>
    <robndbox>
      <cx>450.3333</cx>
      <cy>435.0</cy>
      <h>61.64635467529297</h>
      <w>11.43792724609375</w>
      <angle>0.21535778655077537</angle>
    </robndbox>
  </object>
</annotation>
