<annotation>
  <folder>RSDD-SAR</folder>
  <filename>101_4_46.xml</filename>
  <polarization>HH</polarization>
  <resolution>10</resolution>
  <size>
    <width>512</width>
    <height>512</height>
    <depth>3</depth>
  </size>
  <segmented>0</segmented>
  <object>
    <type>robndbox</type>
    <name>ship</name>
    <difficult>0</difficult>
    <robndbox>
      <cx>237.0085</cx>
      <cy>456.7025</cy>
      <h>77.0093765258789</h>
      <w>12.555099487304688</w>
      <angle>0.19487955915142238</angle>
    </robndbox>
  </object>
  <object>
    <type>robndbox</type>
    <name>ship</name>
    <difficult>0</difficult>
    <robndbox>
      <cx>116.0191</cx>
      <cy>54.9048</cy>
      <h>77.40357971191406</h>
      <w>10.212480545043945</w>
      <angle>0.17487675594091898</angle>
    </robndbox>
  </object>
</annotation>
