<annotation>
  <folder>RSDD-SAR</folder>
  <filename>101_6_51.xml</filename>
  <polarization>HH</polarization>
  <resolution>10</resolution>
  <size>
    <width>512</width>
    <height>512</height>
    <depth>3</depth>
  </size>
  <segmented>0</segmented>
  <object>
    <type>robndbox</type>
    <name>ship</name>
    <difficult>0</difficult>
    <robndbox>
      <cx>392.5</cx>
      <cy>159.0</cy>
      <h>68.05147552490234</h>
      <w>11.044820785522461</w>
      <angle>0.22732177143184734</angle>
    </robndbox>
  </object>
</annotation>
