<annotation>
  <folder>RSDD-SAR</folder>
  <filename>101_10_50.xml</filename>
  <polarization>HH</polarization>
  <resolution>10</resolution>
  <size>
    <width>512</width>
    <height>512</height>
    <depth>3</depth>
  </size>
  <segmented>0</segmented>
  <object>
    <type>robndbox</type>
    <name>ship</name>
    <difficult>0</difficult>
    <robndbox>
      <cx>432.2899</cx>
      <cy>143.9342</cy>
      <h>37.4171028137207</h>
      <w>7.439812660217285</w>
      <angle>0.14036906249805584</angle>
    </robndbox>
  </object>
</annotation>
