<annotation>
  <folder>RSDD-SAR</folder>
  <filename>101_0_51.xml</filename>
  <polarization>HH</polarization>
  <resolution>10</resolution>
  <size>
    <width>512</width>
    <height>512</height>
    <depth>3</depth>
  </size>
  <segmented>0</segmented>
  <object>
    <type>robndbox</type>
    <name>ship</name>
    <difficult>0</difficult>
    <robndbox>
      <cx>425.9816</cx>
      <cy>208.0306</cy>
      <h>52.000404357910156</h>
      <w>9.268704414367676</w>
      <angle>0.1813145983362925</angle>
    </robndbox>
  </object>
</annotation>
