<annotation>
  <folder>RSDD-SAR</folder>
  <filename>101_20_54.xml</filename>
  <polarization>HH</polarization>
  <resolution>10</resolution>
  <size>
    <width>512</width>
    <height>512</height>
    <depth>3</depth>
  </size>
  <segmented>0</segmented>
  <object>
    <type>robndbox</type>
    <name>ship</name>
    <difficult>0</difficult>
    <robndbox>
      <cx>342.6364</cx>
      <cy>261.0</cy>
      <h>19.215116500854492</h>
      <w>8.171853065490723</w>
      <angle>-1.4601432235364868</angle>
    </robndbox>
  </object>
  <object>
    <type>robndbox</type>
    <name>ship</name>
    <difficult>0</difficult>
    <robndbox>
      <cx>407.1793</cx>
      <cy>344.6574</cy>
      <h>25.88861846923828</h>
      <w>6.104298114776611</w>
      <angle>-0.5893475623804476</angle>
    </robndbox>
  </object>
  <object>
    <type>robndbox</type>
    <name>ship</name>
    <difficult>0</difficult>
    <robndbox>
      <cx>337.6169</cx>
      <cy>456.3195</cy>
      <h>31.3433837890625</h>
      <w>7.786129951477051</w>
      <angle>-0.09934176761435354</angle>
    </robndbox>
  </object>
  <object>
    <type>robndbox</type>
    <name>ship</name>
    <difficult>0</difficult>
    <robndbox>
      <cx>337.5381</cx>
      <cy>441.892</cy>
      <h>31.625370025634766</h>
      <w>6.689370155334473</w>
      <angle>-0.02854442635374177</angle>
    </robndbox>
  </object>
  <object>
    <type>robndbox</type>
    <name>ship</name>
    <difficult>0</difficult>
    <robndbox>
      <cx>322.1497</cx>
      <cy>312.5995</cy>
      <h>25.531774520874023</h>
      <w>8.694002151489258</w>
      <angle>-1.1301383078167258</angle>
    </robndbox>
  </object>
  <object>
    <type>robndbox</type>
    <name>ship</name>
    <difficult>0</difficult>
    <robndbox>
      <cx>429.8647</cx>
      <cy>261.623</cy>
      <h>31.98494529724121</h>
      <w>8.482707023620605</w>
      <angle>-0.810139329398448</angle>
    </robndbox>
  </object>
</annotation>
