<annotation>
  <folder>RSDD-SAR</folder>
  <filename>101_9_34.xml</filename>
  <polarization>HH</polarization>
  <resolution>10</resolution>
  <size>
    <width>512</width>
    <height>512</height>
    <depth>3</depth>
  </size>
  <segmented>0</segmented>
  <object>
    <type>robndbox</type>
    <name>ship</name>
    <difficult>0</difficult>
    <robndbox>
      <cx>476.5672</cx>
      <cy>272.6342</cy>
      <h>37.87282180786133</h>
      <w>10.822518348693848</w>
      <angle>0.21514879498423142</angle>
    </robndbox>
  </object>
</annotation>
