<annotation>
  <folder>RSDD-SAR</folder>
  <filename>101_6_50.xml</filename>
  <polarization>HH</polarization>
  <resolution>10</resolution>
  <size>
    <width>512</width>
    <height>512</height>
    <depth>3</depth>
  </size>
  <segmented>0</segmented>
  <object>
    <type>robndbox</type>
    <name>ship</name>
    <difficult>0</difficult>
    <robndbox>
      <cx>305.0694</cx>
      <cy>138.021</cy>
      <h>55.536380767822266</h>
      <w>10.38218879699707</w>
      <angle>0.2942350919796605</angle>
    </robndbox>
  </object>
</annotation>
