<annotation>
  <folder>RSDD-SAR</folder>
  <filename>101_2_46.xml</filename>
  <polarization>HH</polarization>
  <resolution>10</resolution>
  <size>
    <width>512</width>
    <height>512</height>
    <depth>3</depth>
  </size>
  <segmented>0</segmented>
  <object>
    <type>robndbox</type>
    <name>ship</name>
    <difficult>0</difficult>
    <robndbox>
      <cx>247.2823</cx>
      <cy>119.8967</cy>
      <h>76.08868408203125</h>
      <w>9.892407417297363</w>
      <angle>0.10591310928174587</angle>
    </robndbox>
  </object>
</annotation>
