<annotation>
  <folder>RSDD-SAR</folder>
  <filename>101_6_52.xml</filename>
  <polarization>HH</polarization>
  <resolution>10</resolution>
  <size>
    <width>512</width>
    <height>512</height>
    <depth>3</depth>
  </size>
  <segmented>0</segmented>
  <object>
    <type>robndbox</type>
    <name>ship</name>
    <difficult>0</difficult>
    <robndbox>
      <cx>356.5082</cx>
      <cy>386.8601</cy>
      <h>50.48339080810547</h>
      <w>9.496679306030273</w>
      <angle>0.30849958198937016</angle>
    </robndbox>
  </object>
</annotation>
