<annotation>
  <folder>RSDD-SAR</folder>
  <filename>101_3_49.xml</filename>
  <polarization>HH</polarization>
  <resolution>10</resolution>
  <size>
    <width>512</width>
    <height>512</height>
    <depth>3</depth>
  </size>
  <segmented>0</segmented>
  <object>
    <type>robndbox</type>
    <name>ship</name>
    <difficult>0</difficult>
    <robndbox>
      <cx>159.1425</cx>
      <cy>366.7574</cy>
      <h>72.78919219970703</h>
      <w>11.908600807189941</w>
      <angle>0.1958677084291395</angle>
    </robndbox>
  </object>
</annotation>
