<annotation>
  <folder>RSDD-SAR</folder>
  <filename>101_2_45.xml</filename>
  <polarization>HH</polarization>
  <resolution>10</resolution>
  <size>
    <width>512</width>
    <height>512</height>
    <depth>3</depth>
  </size>
  <segmented>0</segmented>
  <object>
    <type>robndbox</type>
    <name>ship</name>
    <difficult>0</difficult>
    <robndbox>
      <cx>258.2201</cx>
      <cy>470.9351</cy>
      <h>65.55938720703125</h>
      <w>11.832682609558105</w>
      <angle>0.17815965126141647</angle>
    </robndbox>
  </object>
</annotation>
