<annotation>
  <folder>RSDD-SAR</folder>
  <filename>101_1_7.xml</filename>
  <polarization>HH</polarization>
  <resolution>10</resolution>
  <size>
    <width>512</width>
    <height>512</height>
    <depth>3</depth>
  </size>
  <segmented>0</segmented>
  <object>
    <type>robndbox</type>
    <name>ship</name>
    <difficult>0</difficult>
    <robndbox>
      <cx>423.432</cx>
      <cy>258.4595</cy>
      <h>31.181964874267578</h>
      <w>9.561923027038574</w>
      <angle>0.40215353659510084</angle>
    </robndbox>
  </object>
</annotation>
