<annotation>
  <folder>RSDD-SAR</folder>
  <filename>101_5_50.xml</filename>
  <polarization>HH</polarization>
  <resolution>10</resolution>
  <size>
    <width>512</width>
    <height>512</height>
    <depth>3</depth>
  </size>
  <segmented>0</segmented>
  <object>
    <type>robndbox</type>
    <name>ship</name>
    <difficult>0</difficult>
    <robndbox>
      <cx>391.1519</cx>
      <cy>231.8824</cy>
      <h>55.53572082519531</h>
      <w>9.518294334411621</w>
      <angle>0.2449794282759406</angle>
    </robndbox>
  </object>
</annotation>
