<annotation>
  <folder>RSDD-SAR</folder>
  <filename>101_5_45.xml</filename>
  <polarization>HH</polarization>
  <resolution>10</resolution>
  <size>
    <width>512</width>
    <height>512</height>
    <depth>3</depth>
  </size>
  <segmented>0</segmented>
  <object>
    <type>robndbox</type>
    <name>ship</name>
    <difficult>0</difficult>
    <robndbox>
      <cx>451.1549</cx>
      <cy>486.1374</cy>
      <h>73.49170684814453</h>
      <w>12.701661109924316</w>
      <angle>0.2749095972133915</angle>
    </robndbox>
  </object>
</annotation>
