<annotation>
  <folder>RSDD-SAR</folder>
  <filename>101_4_49.xml</filename>
  <polarization>HH</polarization>
  <resolution>10</resolution>
  <size>
    <width>512</width>
    <height>512</height>
    <depth>3</depth>
  </size>
  <segmented>0</segmented>
  <object>
    <type>robndbox</type>
    <name>ship</name>
    <difficult>0</difficult>
    <robndbox>
      <cx>170.4218</cx>
      <cy>250.494</cy>
      <h>60.03771209716797</h>
      <w>10.969339370727539</w>
      <angle>0.18514800234362297</angle>
    </robndbox>
  </object>
</annotation>
