<annotation>
  <folder>RSDD-SAR</folder>
  <filename>101_0_4.xml</filename>
  <polarization>HH</polarization>
  <resolution>10</resolution>
  <size>
    <width>512</width>
    <height>512</height>
    <depth>3</depth>
  </size>
  <segmented>0</segmented>
  <object>
    <type>robndbox</type>
    <name>ship</name>
    <difficult>0</difficult>
    <robndbox>
      <cx>122.0231</cx>
      <cy>116.6902</cy>
      <h>33.43540573120117</h>
      <w>6.93380069732666</w>
      <angle>0.1276897775153238</angle>
    </robndbox>
  </object>
</annotation>
