<annotation>
  <folder>RSDD-SAR</folder>
  <filename>101_3_16.xml</filename>
  <polarization>HH</polarization>
  <resolution>10</resolution>
  <size>
    <width>512</width>
    <height>512</height>
    <depth>3</depth>
  </size>
  <segmented>0</segmented>
  <object>
    <type>robndbox</type>
    <name>ship</name>
    <difficult>0</difficult>
    <robndbox>
      <cx>275.8333</cx>
      <cy>483.0</cy>
      <h>52.70717239379883</h>
      <w>10.86591911315918</w>
      <angle>0.11891067530425599</angle>
    </robndbox>
  </object>
</annotation>
