<annotation>
  <folder>RSDD-SAR</folder>
  <filename>101_7_43.xml</filename>
  <polarization>HH</polarization>
  <resolution>10</resolution>
  <size>
    <width>512</width>
    <height>512</height>
    <depth>3</depth>
  </size>
  <segmented>0</segmented>
  <object>
    <type>robndbox</type>
    <name>ship</name>
    <difficult>0</difficult>
    <robndbox>
      <cx>344.3698</cx>
      <cy>315.565</cy>
      <h>35.06129455566406</h>
      <w>7.0746750831604</w>
      <angle>0.16751031920770532</angle>
    </robndbox>
  </object>
</annotation>
