<annotation>
  <folder>RSDD-SAR</folder>
  <filename>101_6_49.xml</filename>
  <polarization>HH</polarization>
  <resolution>10</resolution>
  <size>
    <width>512</width>
    <height>512</height>
    <depth>3</depth>
  </size>
  <segmented>0</segmented>
  <object>
    <type>robndbox</type>
    <name>ship</name>
    <difficult>0</difficult>
    <robndbox>
      <cx>254.3705</cx>
      <cy>173.4969</cy>
      <h>62.272987365722656</h>
      <w>11.401500701904297</w>
      <angle>0.2596300267094413</angle>
    </robndbox>
  </object>
  <object>
    <type>robndbox</type>
    <name>ship</name>
    <difficult>0</difficult>
    <robndbox>
      <cx>77.6269</cx>
      <cy>495.6462</cy>
      <h>52.6138916015625</h>
      <w>10.217695236206055</w>
      <angle>0.29962952450469776</angle>
    </robndbox>
  </object>
</annotation>
