<annotation>
  <folder>RSDD-SAR</folder>
  <filename>101_6_53.xml</filename>
  <polarization>HH</polarization>
  <resolution>10</resolution>
  <size>
    <width>512</width>
    <height>512</height>
    <depth>3</depth>
  </size>
  <segmented>0</segmented>
  <object>
    <type>robndbox</type>
    <name>ship</name>
    <difficult>0</difficult>
    <robndbox>
      <cx>171.5086</cx>
      <cy>21.1754</cy>
      <h>64.32579040527344</h>
      <w>10.066100120544434</w>
      <angle>0.19679901586234017</angle>
    </robndbox>
  </object>
  <object>
    <type>robndbox</type>
    <name>ship</name>
    <difficult>0</difficult>
    <robndbox>
      <cx>468.2894</cx>
      <cy>383.4633</cy>
      <h>46.49770736694336</h>
      <w>9.426107406616211</w>
      <angle>0.2567988367993349</angle>
    </robndbox>
  </object>
</annotation>
