<annotation>
  <folder>RSDD-SAR</folder>
  <filename>101_0_9.xml</filename>
  <polarization>HH</polarization>
  <resolution>10</resolution>
  <size>
    <width>512</width>
    <height>512</height>
    <depth>3</depth>
  </size>
  <segmented>0</segmented>
  <object>
    <type>robndbox</type>
    <name>ship</name>
    <difficult>0</difficult>
    <robndbox>
      <cx>292.9868</cx>
      <cy>184.6631</cy>
      <h>23.596235275268555</h>
      <w>7.335196495056152</w>
      <angle>-0.3286683001357855</angle>
    </robndbox>
  </object>
</annotation>
