<annotation>
  <folder>RSDD-SAR</folder>
  <filename>101_16_53.xml</filename>
  <polarization>HH</polarization>
  <resolution>10</resolution>
  <size>
    <width>512</width>
    <height>512</height>
    <depth>3</depth>
  </size>
  <segmented>0</segmented>
  <object>
    <type>robndbox</type>
    <name>ship</name>
    <difficult>0</difficult>
    <robndbox>
      <cx>370.6334</cx>
      <cy>385.6605</cy>
      <h>27.936033248901367</h>
      <w>8.628809928894043</w>
      <angle>0.98677235685449</angle>
    </robndbox>
  </object>
  <object>
    <type>robndbox</type>
    <name>ship</name>
    <difficult>0</difficult>
    <robndbox>
      <cx>383.8458</cx>
      <cy>466.1225</cy>
      <h>27.685800552368164</h>
      <w>10.508282661437988</w>
      <angle>1.087148895710394</angle>
    </robndbox>
  </object>
  <object>
    <type>robndbox</type>
    <name>ship</name>
    <difficult>0</difficult>
    <robndbox>
      <cx>300.0712</cx>
      <cy>33.6874</cy>
      <h>21.54229164123535</h>
      <w>7.648674011230469</w>
      <angle>1.4661227775201495</angle>
    </robndbox>
  </object>
  <object>
    <type>robndbox</type>
    <name>ship</name>
    <difficult>0</difficult>
    <robndbox>
      <cx>312.1028</cx>
      <cy>226.9732</cy>
      <h>25.86090850830078</h>
      <w>10.9918794631958</w>
      <angle>1.0643278022763145</angle>
    </robndbox>
  </object>
</annotation>
