<annotation>
  <folder>RSDD-SAR</folder>
  <filename>101_14_3.xml</filename>
  <polarization>HH</polarization>
  <resolution>10</resolution>
  <size>
    <width>512</width>
    <height>512</height>
    <depth>3</depth>
  </size>
  <segmented>0</segmented>
  <object>
    <type>robndbox</type>
    <name>ship</name>
    <difficult>0</difficult>
    <robndbox>
      <cx>497.8333</cx>
      <cy>325.5205</cy>
      <h>25.165071487426758</h>
      <w>8.331104278564453</w>
      <angle>0.43466737126409205</angle>
    </robndbox>
  </object>
  <object>
    <type>robndbox</type>
    <name>ship</name>
    <difficult>0</difficult>
    <robndbox>
      <cx>39.8499</cx>
      <cy>225.1524</cy>
      <h>7.3686065673828125</h>
      <w>5.755701541900635</w>
      <angle>0.1846686000578951</angle>
    </robndbox>
  </object>
  <object>
    <type>robndbox</type>
    <name>ship</name>
    <difficult>0</difficult>
    <robndbox>
      <cx>13.1161</cx>
      <cy>206.9815</cy>
      <h>17.26399803161621</h>
      <w>7.059788227081299</w>
      <angle>-0.19532981646797087</angle>
    </robndbox>
  </object>
  <object>
    <type>robndbox</type>
    <name>ship</name>
    <difficult>0</difficult>
    <robndbox>
      <cx>94.4416</cx>
      <cy>245.6006</cy>
      <h>23.508691787719727</h>
      <w>6.874761581420898</w>
      <angle>-0.26533060624654015</angle>
    </robndbox>
  </object>
</annotation>
