<annotation>
  <folder>RSDD-SAR</folder>
  <filename>101_3_37.xml</filename>
  <polarization>HH</polarization>
  <resolution>10</resolution>
  <size>
    <width>512</width>
    <height>512</height>
    <depth>3</depth>
  </size>
  <segmented>0</segmented>
  <object>
    <type>robndbox</type>
    <name>ship</name>
    <difficult>0</difficult>
    <robndbox>
      <cx>308.2788</cx>
      <cy>357.477</cy>
      <h>26.40420150756836</h>
      <w>8.039297103881836</w>
      <angle>0.18832282325813368</angle>
    </robndbox>
  </object>
  <object>
    <type>robndbox</type>
    <name>ship</name>
    <difficult>0</difficult>
    <robndbox>
      <cx>479.8761</cx>
      <cy>102.2293</cy>
      <h>18.65677833557129</h>
      <w>6.213936805725098</w>
      <angle>0.12313761129691615</angle>
    </robndbox>
  </object>
  <object>
    <type>robndbox</type>
    <name>ship</name>
    <difficult>0</difficult>
    <robndbox>
      <cx>264.13</cx>
      <cy>68.38</cy>
      <h>24.83518409729004</h>
      <w>6.963705062866211</w>
      <angle>0.10314119967302893</angle>
    </robndbox>
  </object>
</annotation>
