<annotation>
  <folder>RSDD-SAR</folder>
  <filename>101_3_44.xml</filename>
  <polarization>HH</polarization>
  <resolution>10</resolution>
  <size>
    <width>512</width>
    <height>512</height>
    <depth>3</depth>
  </size>
  <segmented>0</segmented>
  <object>
    <type>robndbox</type>
    <name>ship</name>
    <difficult>0</difficult>
    <robndbox>
      <cx>289.4534</cx>
      <cy>270.3202</cy>
      <h>68.30168914794922</h>
      <w>10.956293106079102</w>
      <angle>0.20764234255670683</angle>
    </robndbox>
  </object>
</annotation>
