<annotation>
  <folder>RSDD-SAR</folder>
  <filename>101_3_45.xml</filename>
  <polarization>HH</polarization>
  <resolution>10</resolution>
  <size>
    <width>512</width>
    <height>512</height>
    <depth>3</depth>
  </size>
  <segmented>0</segmented>
  <object>
    <type>robndbox</type>
    <name>ship</name>
    <difficult>0</difficult>
    <robndbox>
      <cx>294.5014</cx>
      <cy>291.3143</cy>
      <h>60.13429641723633</h>
      <w>10.24286937713623</w>
      <angle>0.15841106342171796</angle>
    </robndbox>
  </object>
</annotation>
