<annotation>
  <folder>RSDD-SAR</folder>
  <filename>101_11_48.xml</filename>
  <polarization>HH</polarization>
  <resolution>10</resolution>
  <size>
    <width>512</width>
    <height>512</height>
    <depth>3</depth>
  </size>
  <segmented>0</segmented>
  <object>
    <type>robndbox</type>
    <name>ship</name>
    <difficult>0</difficult>
    <robndbox>
      <cx>142.6714</cx>
      <cy>199.5807</cy>
      <h>28.776498794555664</h>
      <w>7.964008808135986</w>
      <angle>0.32916737652406636</angle>
    </robndbox>
  </object>
  <object>
    <type>robndbox</type>
    <name>ship</name>
    <difficult>0</difficult>
    <robndbox>
      <cx>287.5391</cx>
      <cy>428.3774</cy>
      <h>25.9967098236084</h>
      <w>7.033275127410889</w>
      <angle>1.19202065074927</angle>
    </robndbox>
  </object>
  <object>
    <type>robndbox</type>
    <name>ship</name>
    <difficult>0</difficult>
    <robndbox>
      <cx>345.9511</cx>
      <cy>191.408</cy>
      <h>34.974700927734375</h>
      <w>9.012062072753906</w>
      <angle>0.2849782436361677</angle>
    </robndbox>
  </object>
  <object>
    <type>robndbox</type>
    <name>ship</name>
    <difficult>0</difficult>
    <robndbox>
      <cx>322.0525</cx>
      <cy>81.907</cy>
      <h>35.45065689086914</h>
      <w>9.553308486938477</w>
      <angle>0.2549792652740519</angle>
    </robndbox>
  </object>
  <object>
    <type>robndbox</type>
    <name>ship</name>
    <difficult>0</difficult>
    <robndbox>
      <cx>129.7661</cx>
      <cy>487.6025</cy>
      <h>31.64521598815918</h>
      <w>8.702091217041016</w>
      <angle>0.41497908737832706</angle>
    </robndbox>
  </object>
  <object>
    <type>robndbox</type>
    <name>ship</name>
    <difficult>0</difficult>
    <robndbox>
      <cx>39.2506</cx>
      <cy>315.7082</cy>
      <h>28.13059425354004</h>
      <w>9.247804641723633</w>
      <angle>0.40497881761653864</angle>
    </robndbox>
  </object>
</annotation>
