<annotation>
  <folder>RSDD-SAR</folder>
  <filename>101_12_11.xml</filename>
  <polarization>HH</polarization>
  <resolution>10</resolution>
  <size>
    <width>512</width>
    <height>512</height>
    <depth>3</depth>
  </size>
  <segmented>0</segmented>
  <object>
    <type>robndbox</type>
    <name>ship</name>
    <difficult>0</difficult>
    <robndbox>
      <cx>271.8853</cx>
      <cy>85.0088</cy>
      <h>24.772974014282227</h>
      <w>6.135702133178711</w>
      <angle>-0.07677214316620473</angle>
    </robndbox>
  </object>
  <object>
    <type>robndbox</type>
    <name>ship</name>
    <difficult>0</difficult>
    <robndbox>
      <cx>300.1463</cx>
      <cy>428.9945</cy>
      <h>20.97247314453125</h>
      <w>6.862153053283691</w>
      <angle>-0.15677430126051206</angle>
    </robndbox>
  </object>
  <object>
    <type>robndbox</type>
    <name>ship</name>
    <difficult>0</difficult>
    <robndbox>
      <cx>485.9623</cx>
      <cy>264.9623</cy>
      <h>23.892101287841797</h>
      <w>8.316747665405273</w>
      <angle>0.013224820008169854</angle>
    </robndbox>
  </object>
</annotation>
