<annotation>
  <folder>RSDD-SAR</folder>
  <filename>101_3_15.xml</filename>
  <polarization>HH</polarization>
  <resolution>10</resolution>
  <size>
    <width>512</width>
    <height>512</height>
    <depth>3</depth>
  </size>
  <segmented>0</segmented>
  <object>
    <type>robndbox</type>
    <name>ship</name>
    <difficult>0</difficult>
    <robndbox>
      <cx>234.8223</cx>
      <cy>380.6384</cy>
      <h>51.92292404174805</h>
      <w>8.283613204956055</w>
      <angle>0.12659039965020388</angle>
    </robndbox>
  </object>
</annotation>
