<annotation>
  <folder>RSDD-SAR</folder>
  <filename>101_5_47.xml</filename>
  <polarization>HH</polarization>
  <resolution>10</resolution>
  <size>
    <width>512</width>
    <height>512</height>
    <depth>3</depth>
  </size>
  <segmented>0</segmented>
  <object>
    <type>robndbox</type>
    <name>ship</name>
    <difficult>0</difficult>
    <robndbox>
      <cx>282.3228</cx>
      <cy>357.631</cy>
      <h>64.58438110351562</h>
      <w>11.068072319030762</w>
      <angle>0.24209609034273905</angle>
    </robndbox>
  </object>
</annotation>
