<annotation>
  <folder>RSDD-SAR</folder>
  <filename>101_4_6.xml</filename>
  <polarization>HH</polarization>
  <resolution>10</resolution>
  <size>
    <width>512</width>
    <height>512</height>
    <depth>3</depth>
  </size>
  <segmented>0</segmented>
  <object>
    <type>robndbox</type>
    <name>ship</name>
    <difficult>0</difficult>
    <robndbox>
      <cx>460.2449</cx>
      <cy>235.0</cy>
      <h>27.435556411743164</h>
      <w>8.904497146606445</w>
      <angle>-0.27416777369175005</angle>
    </robndbox>
  </object>
</annotation>
