<annotation>
  <folder>RSDD-SAR</folder>
  <filename>101_13_2.xml</filename>
  <polarization>HH</polarization>
  <resolution>10</resolution>
  <size>
    <width>512</width>
    <height>512</height>
    <depth>3</depth>
  </size>
  <segmented>0</segmented>
  <object>
    <type>robndbox</type>
    <name>ship</name>
    <difficult>0</difficult>
    <robndbox>
      <cx>224.8826</cx>
      <cy>56.5791</cy>
      <h>50.99000549316406</h>
      <w>12.131296157836914</w>
      <angle>-0.5287233633258839</angle>
    </robndbox>
  </object>
  <object>
    <type>robndbox</type>
    <name>ship</name>
    <difficult>0</difficult>
    <robndbox>
      <cx>266.0185</cx>
      <cy>17.3553</cy>
      <h>35.29102325439453</h>
      <w>6.365694999694824</w>
      <angle>-0.4987228536461412</angle>
    </robndbox>
  </object>
  <object>
    <type>robndbox</type>
    <name>ship</name>
    <difficult>0</difficult>
    <robndbox>
      <cx>217.9887</cx>
      <cy>42.9554</cy>
      <h>53.12360763549805</h>
      <w>9.680578231811523</w>
      <angle>-0.49872371917349545</angle>
    </robndbox>
  </object>
  <object>
    <type>robndbox</type>
    <name>ship</name>
    <difficult>0</difficult>
    <robndbox>
      <cx>274.7553</cx>
      <cy>27.8398</cy>
      <h>52.61271667480469</h>
      <w>9.677191734313965</w>
      <angle>-0.5187233265906908</angle>
    </robndbox>
  </object>
</annotation>
