<annotation>
  <folder>RSDD-SAR</folder>
  <filename>102_4_49.xml</filename>
  <polarization>HV</polarization>
  <resolution>10</resolution>
  <size>
    <width>512</width>
    <height>512</height>
    <depth>3</depth>
  </size>
  <segmented>0</segmented>
  <object>
    <type>robndbox</type>
    <name>ship</name>
    <difficult>0</difficult>
    <robndbox>
      <cx>172.1099</cx>
      <cy>250.6399</cy>
      <h>60.42311096191406</h>
      <w>9.1600923538208</w>
      <angle>0.19497774657186223</angle>
    </robndbox>
  </object>
</annotation>
