<annotation>
  <folder>RSDD-SAR</folder>
  <filename>102_7_50.xml</filename>
  <polarization>HV</polarization>
  <resolution>10</resolution>
  <size>
    <width>512</width>
    <height>512</height>
    <depth>3</depth>
  </size>
  <segmented>0</segmented>
  <object>
    <type>robndbox</type>
    <name>ship</name>
    <difficult>0</difficult>
    <robndbox>
      <cx>296.5</cx>
      <cy>82.0</cy>
      <h>58.9832763671875</h>
      <w>10.09819221496582</w>
      <angle>0.3374556331790973</angle>
    </robndbox>
  </object>
</annotation>
