<annotation>
  <folder>RSDD-SAR</folder>
  <filename>102_4_47.xml</filename>
  <polarization>HV</polarization>
  <resolution>10</resolution>
  <size>
    <width>512</width>
    <height>512</height>
    <depth>3</depth>
  </size>
  <segmented>0</segmented>
  <object>
    <type>robndbox</type>
    <name>ship</name>
    <difficult>0</difficult>
    <robndbox>
      <cx>448.8033</cx>
      <cy>434.8122</cy>
      <h>56.261016845703125</h>
      <w>10.22951602935791</w>
      <angle>0.20435491986235618</angle>
    </robndbox>
  </object>
</annotation>
