<annotation>
  <folder>RSDD-SAR</folder>
  <filename>102_3_49.xml</filename>
  <polarization>HV</polarization>
  <resolution>10</resolution>
  <size>
    <width>512</width>
    <height>512</height>
    <depth>3</depth>
  </size>
  <segmented>0</segmented>
  <object>
    <type>robndbox</type>
    <name>ship</name>
    <difficult>0</difficult>
    <robndbox>
      <cx>159.2491</cx>
      <cy>366.2891</cy>
      <h>66.46739959716797</h>
      <w>10.915573120117188</w>
      <angle>0.17135455895172105</angle>
    </robndbox>
  </object>
</annotation>
