<annotation>
  <folder>RSDD-SAR</folder>
  <filename>102_5_55.xml</filename>
  <polarization>HV</polarization>
  <resolution>10</resolution>
  <size>
    <width>512</width>
    <height>512</height>
    <depth>3</depth>
  </size>
  <segmented>0</segmented>
  <object>
    <type>robndbox</type>
    <name>ship</name>
    <difficult>0</difficult>
    <robndbox>
      <cx>274.2118</cx>
      <cy>349.549</cy>
      <h>37.21122360229492</h>
      <w>9.26407241821289</w>
      <angle>0.4887777113189174</angle>
    </robndbox>
  </object>
</annotation>
