<annotation>
  <folder>RSDD-SAR</folder>
  <filename>102_11_47.xml</filename>
  <polarization>HV</polarization>
  <resolution>10</resolution>
  <size>
    <width>512</width>
    <height>512</height>
    <depth>3</depth>
  </size>
  <segmented>0</segmented>
  <object>
    <type>robndbox</type>
    <name>ship</name>
    <difficult>0</difficult>
    <robndbox>
      <cx>386.3721</cx>
      <cy>178.8405</cy>
      <h>29.87018585205078</h>
      <w>8.301474571228027</w>
      <angle>0.25923225031112435</angle>
    </robndbox>
  </object>
  <object>
    <type>robndbox</type>
    <name>ship</name>
    <difficult>0</difficult>
    <robndbox>
      <cx>290.5952</cx>
      <cy>349.6607</cy>
      <h>32.743621826171875</h>
      <w>7.6544904708862305</w>
      <angle>0.3692315724890549</angle>
    </robndbox>
  </object>
  <object>
    <type>robndbox</type>
    <name>ship</name>
    <difficult>0</difficult>
    <robndbox>
      <cx>462.936</cx>
      <cy>30.5121</cy>
      <h>23.059301376342773</h>
      <w>7.174896240234375</w>
      <angle>0.18923222619136848</angle>
    </robndbox>
  </object>
  <object>
    <type>robndbox</type>
    <name>ship</name>
    <difficult>0</difficult>
    <robndbox>
      <cx>217.9411</cx>
      <cy>235.6246</cy>
      <h>28.91769027709961</h>
      <w>8.45048999786377</w>
      <angle>0.3092316183940057</angle>
    </robndbox>
  </object>
  <object>
    <type>robndbox</type>
    <name>ship</name>
    <difficult>0</difficult>
    <robndbox>
      <cx>154.4385</cx>
      <cy>116.2021</cy>
      <h>32.121498107910156</h>
      <w>8.239296913146973</w>
      <angle>0.29923191455394893</angle>
    </robndbox>
  </object>
</annotation>
