<annotation>
  <folder>RSDD-SAR</folder>
  <filename>102_5_50.xml</filename>
  <polarization>HV</polarization>
  <resolution>10</resolution>
  <size>
    <width>512</width>
    <height>512</height>
    <depth>3</depth>
  </size>
  <segmented>0</segmented>
  <object>
    <type>robndbox</type>
    <name>ship</name>
    <difficult>0</difficult>
    <robndbox>
      <cx>392.5153</cx>
      <cy>231.6326</cy>
      <h>54.359004974365234</h>
      <w>9.442182540893555</w>
      <angle>0.25790917523681617</angle>
    </robndbox>
  </object>
</annotation>
