<annotation>
  <folder>RSDD-SAR</folder>
  <filename>102_4_51.xml</filename>
  <polarization>HV</polarization>
  <resolution>10</resolution>
  <size>
    <width>512</width>
    <height>512</height>
    <depth>3</depth>
  </size>
  <segmented>0</segmented>
  <object>
    <type>robndbox</type>
    <name>ship</name>
    <difficult>0</difficult>
    <robndbox>
      <cx>55.0839</cx>
      <cy>382.4292</cy>
      <h>57.739105224609375</h>
      <w>8.805183410644531</w>
      <angle>0.20514897463087695</angle>
    </robndbox>
  </object>
</annotation>
