<annotation>
  <folder>RSDD-SAR</folder>
  <filename>102_8_36.xml</filename>
  <polarization>HV</polarization>
  <resolution>10</resolution>
  <size>
    <width>512</width>
    <height>512</height>
    <depth>3</depth>
  </size>
  <segmented>0</segmented>
  <object>
    <type>robndbox</type>
    <name>ship</name>
    <difficult>0</difficult>
    <robndbox>
      <cx>376.6058</cx>
      <cy>232.735</cy>
      <h>64.65076446533203</h>
      <w>10.827033042907715</w>
      <angle>0.2176148155746175</angle>
    </robndbox>
  </object>
</annotation>
