<annotation>
  <folder>RSDD-SAR</folder>
  <filename>102_2_45.xml</filename>
  <polarization>HV</polarization>
  <resolution>10</resolution>
  <size>
    <width>512</width>
    <height>512</height>
    <depth>3</depth>
  </size>
  <segmented>0</segmented>
  <object>
    <type>robndbox</type>
    <name>ship</name>
    <difficult>0</difficult>
    <robndbox>
      <cx>257.8738</cx>
      <cy>470.2928</cy>
      <h>63.13292694091797</h>
      <w>10.43609619140625</w>
      <angle>0.1791670252332526</angle>
    </robndbox>
  </object>
</annotation>
