<annotation>
  <folder>RSDD-SAR</folder>
  <filename>102_3_37.xml</filename>
  <polarization>HV</polarization>
  <resolution>10</resolution>
  <size>
    <width>512</width>
    <height>512</height>
    <depth>3</depth>
  </size>
  <segmented>0</segmented>
  <object>
    <type>robndbox</type>
    <name>ship</name>
    <difficult>0</difficult>
    <robndbox>
      <cx>309.7189</cx>
      <cy>357.8584</cy>
      <h>29.71147918701172</h>
      <w>6.887679100036621</w>
      <angle>0.23499695175918525</angle>
    </robndbox>
  </object>
  <object>
    <type>robndbox</type>
    <name>ship</name>
    <difficult>0</difficult>
    <robndbox>
      <cx>480.4174</cx>
      <cy>102.1399</cy>
      <h>20.237407684326172</h>
      <w>7.005497932434082</w>
      <angle>0.13499674253244465</angle>
    </robndbox>
  </object>
  <object>
    <type>robndbox</type>
    <name>ship</name>
    <difficult>0</difficult>
    <robndbox>
      <cx>266.3809</cx>
      <cy>69.789</cy>
      <h>22.003812789916992</h>
      <w>6.149596214294434</w>
      <angle>0.034992417889582</angle>
    </robndbox>
  </object>
</annotation>
