<annotation>
  <folder>RSDD-SAR</folder>
  <filename>102_16_53.xml</filename>
  <polarization>HV</polarization>
  <resolution>10</resolution>
  <size>
    <width>512</width>
    <height>512</height>
    <depth>3</depth>
  </size>
  <segmented>0</segmented>
  <object>
    <type>robndbox</type>
    <name>ship</name>
    <difficult>0</difficult>
    <robndbox>
      <cx>382.8312</cx>
      <cy>464.8195</cy>
      <h>27.83086585998535</h>
      <w>11.788874626159668</w>
      <angle>1.149816338532294</angle>
    </robndbox>
  </object>
  <object>
    <type>robndbox</type>
    <name>ship</name>
    <difficult>0</difficult>
    <robndbox>
      <cx>300.5922</cx>
      <cy>33.5126</cy>
      <h>24.435691833496094</h>
      <w>6.263125896453857</w>
      <angle>1.429816834485481</angle>
    </robndbox>
  </object>
  <object>
    <type>robndbox</type>
    <name>ship</name>
    <difficult>0</difficult>
    <robndbox>
      <cx>312.8876</cx>
      <cy>228.5444</cy>
      <h>26.23280906677246</h>
      <w>8.350093841552734</w>
      <angle>1.0598168068638836</angle>
    </robndbox>
  </object>
  <object>
    <type>robndbox</type>
    <name>ship</name>
    <difficult>0</difficult>
    <robndbox>
      <cx>370.5998</cx>
      <cy>385.1109</cy>
      <h>27.06324577331543</h>
      <w>9.56119441986084</w>
      <angle>1.0998182188061736</angle>
    </robndbox>
  </object>
</annotation>
