<annotation>
  <folder>RSDD-SAR</folder>
  <filename>102_8_51.xml</filename>
  <polarization>HV</polarization>
  <resolution>10</resolution>
  <size>
    <width>512</width>
    <height>512</height>
    <depth>3</depth>
  </size>
  <segmented>0</segmented>
  <object>
    <type>robndbox</type>
    <name>ship</name>
    <difficult>0</difficult>
    <robndbox>
      <cx>95.4296</cx>
      <cy>64.1158</cy>
      <h>42.50151062011719</h>
      <w>7.02559757232666</w>
      <angle>0.15697288985404792</angle>
    </robndbox>
  </object>
</annotation>
