<annotation>
  <folder>RSDD-SAR</folder>
  <filename>102_5_49.xml</filename>
  <polarization>HV</polarization>
  <resolution>10</resolution>
  <size>
    <width>512</width>
    <height>512</height>
    <depth>3</depth>
  </size>
  <segmented>0</segmented>
  <object>
    <type>robndbox</type>
    <name>ship</name>
    <difficult>0</difficult>
    <robndbox>
      <cx>329.1363</cx>
      <cy>302.4101</cy>
      <h>56.19146728515625</h>
      <w>9.78281021118164</w>
      <angle>0.23925220048318432</angle>
    </robndbox>
  </object>
</annotation>
