<annotation>
  <folder>RSDD-SAR</folder>
  <filename>102_3_45.xml</filename>
  <polarization>HV</polarization>
  <resolution>10</resolution>
  <size>
    <width>512</width>
    <height>512</height>
    <depth>3</depth>
  </size>
  <segmented>0</segmented>
  <object>
    <type>robndbox</type>
    <name>ship</name>
    <difficult>0</difficult>
    <robndbox>
      <cx>295.8072</cx>
      <cy>291.54</cy>
      <h>59.65302658081055</h>
      <w>9.422501564025879</w>
      <angle>0.17189672861539076</angle>
    </robndbox>
  </object>
</annotation>
