<annotation>
  <folder>RSDD-SAR</folder>
  <filename>102_11_48.xml</filename>
  <polarization>HV</polarization>
  <resolution>10</resolution>
  <size>
    <width>512</width>
    <height>512</height>
    <depth>3</depth>
  </size>
  <segmented>0</segmented>
  <object>
    <type>robndbox</type>
    <name>ship</name>
    <difficult>0</difficult>
    <robndbox>
      <cx>141.8007</cx>
      <cy>198.6551</cy>
      <h>23.33888816833496</h>
      <w>7.146303653717041</w>
      <angle>0.3253940101545603</angle>
    </robndbox>
  </object>
  <object>
    <type>robndbox</type>
    <name>ship</name>
    <difficult>0</difficult>
    <robndbox>
      <cx>287.1264</cx>
      <cy>429.4851</cy>
      <h>22.408496856689453</h>
      <w>5.773808002471924</w>
      <angle>1.2187362843824547</angle>
    </robndbox>
  </object>
  <object>
    <type>robndbox</type>
    <name>ship</name>
    <difficult>0</difficult>
    <robndbox>
      <cx>319.5454</cx>
      <cy>80.9252</cy>
      <h>31.78702735900879</h>
      <w>9.281295776367188</w>
      <angle>0.24535774695354315</angle>
    </robndbox>
  </object>
  <object>
    <type>robndbox</type>
    <name>ship</name>
    <difficult>0</difficult>
    <robndbox>
      <cx>129.5265</cx>
      <cy>487.7831</cy>
      <h>28.043794631958008</h>
      <w>8.214391708374023</w>
      <angle>0.4353559315639321</angle>
    </robndbox>
  </object>
  <object>
    <type>robndbox</type>
    <name>ship</name>
    <difficult>0</difficult>
    <robndbox>
      <cx>40.7607</cx>
      <cy>316.6203</cy>
      <h>27.584794998168945</h>
      <w>7.597798824310303</w>
      <angle>0.365357705077912</angle>
    </robndbox>
  </object>
  <object>
    <type>robndbox</type>
    <name>ship</name>
    <difficult>0</difficult>
    <robndbox>
      <cx>344.845</cx>
      <cy>190.588</cy>
      <h>31.43952751159668</h>
      <w>7.96688175201416</w>
      <angle>0.33535736184573756</angle>
    </robndbox>
  </object>
</annotation>
