<annotation>
  <folder>RSDD-SAR</folder>
  <filename>102_7_48.xml</filename>
  <polarization>HV</polarization>
  <resolution>10</resolution>
  <size>
    <width>512</width>
    <height>512</height>
    <depth>3</depth>
  </size>
  <segmented>0</segmented>
  <object>
    <type>robndbox</type>
    <name>ship</name>
    <difficult>0</difficult>
    <robndbox>
      <cx>440.0588</cx>
      <cy>312.731</cy>
      <h>57.2886962890625</h>
      <w>10.244203567504883</w>
      <angle>0.25829991090300125</angle>
    </robndbox>
  </object>
</annotation>
