<annotation>
  <folder>RSDD-SAR</folder>
  <filename>103_18_37.xml</filename>
  <polarization>HH</polarization>
  <resolution>10</resolution>
  <size>
    <width>512</width>
    <height>512</height>
    <depth>3</depth>
  </size>
  <segmented>0</segmented>
  <object>
    <type>robndbox</type>
    <name>ship</name>
    <difficult>0</difficult>
    <robndbox>
      <cx>143.204</cx>
      <cy>298.5204</cy>
      <h>42.07986068725586</h>
      <w>9.577301025390625</w>
      <angle>1.1632715604657557</angle>
    </robndbox>
  </object>
  <object>
    <type>robndbox</type>
    <name>ship</name>
    <difficult>0</difficult>
    <robndbox>
      <cx>91.2753</cx>
      <cy>308.5337</cy>
      <h>20.879602432250977</h>
      <w>5.719887733459473</w>
      <angle>0.4032722307005022</angle>
    </robndbox>
  </object>
  <object>
    <type>robndbox</type>
    <name>ship</name>
    <difficult>0</difficult>
    <robndbox>
      <cx>133.9073</cx>
      <cy>245.2854</cy>
      <h>22.150291442871094</h>
      <w>8.839096069335938</w>
      <angle>1.0832712665842115</angle>
    </robndbox>
  </object>
  <object>
    <type>robndbox</type>
    <name>ship</name>
    <difficult>0</difficult>
    <robndbox>
      <cx>104.5271</cx>
      <cy>197.8245</cy>
      <h>24.719593048095703</h>
      <w>13.592495918273926</w>
      <angle>0.8032729011598966</angle>
    </robndbox>
  </object>
  <object>
    <type>robndbox</type>
    <name>ship</name>
    <difficult>0</difficult>
    <robndbox>
      <cx>44.028</cx>
      <cy>237.9499</cy>
      <h>22.48239517211914</h>
      <w>6.4566121101379395</w>
      <angle>0.6332707453439882</angle>
    </robndbox>
  </object>
  <object>
    <type>robndbox</type>
    <name>ship</name>
    <difficult>0</difficult>
    <robndbox>
      <cx>28.0318</cx>
      <cy>167.3077</cy>
      <h>21.231204986572266</h>
      <w>6.759404182434082</w>
      <angle>1.223271248244696</angle>
    </robndbox>
  </object>
  <object>
    <type>robndbox</type>
    <name>ship</name>
    <difficult>0</difficult>
    <robndbox>
      <cx>67.4627</cx>
      <cy>155.0902</cy>
      <h>20.27249526977539</h>
      <w>8.187580108642578</w>
      <angle>0.653271284867565</angle>
    </robndbox>
  </object>
  <object>
    <type>robndbox</type>
    <name>ship</name>
    <difficult>0</difficult>
    <robndbox>
      <cx>26.1699</cx>
      <cy>112.5507</cy>
      <h>24.824399948120117</h>
      <w>6.557798385620117</w>
      <angle>0.2932721595085151</angle>
    </robndbox>
  </object>
  <object>
    <type>robndbox</type>
    <name>ship</name>
    <difficult>0</difficult>
    <robndbox>
      <cx>10.5</cx>
      <cy>91.3745</cy>
      <h>20.665897369384766</h>
      <w>6.039402484893799</w>
      <angle>-0.5467278636124464</angle>
    </robndbox>
  </object>
  <object>
    <type>robndbox</type>
    <name>ship</name>
    <difficult>0</difficult>
    <robndbox>
      <cx>104.7585</cx>
      <cy>353.8405</cy>
      <h>25.609893798828125</h>
      <w>6.0955963134765625</w>
      <angle>-0.006728077019921619</angle>
    </robndbox>
  </object>
  <object>
    <type>robndbox</type>
    <name>ship</name>
    <difficult>0</difficult>
    <robndbox>
      <cx>170.221</cx>
      <cy>343.468</cy>
      <h>18.60772705078125</h>
      <w>9.028898239135742</w>
      <angle>0.9932718014948285</angle>
    </robndbox>
  </object>
  <object>
    <type>robndbox</type>
    <name>ship</name>
    <difficult>0</difficult>
    <robndbox>
      <cx>155.6311</cx>
      <cy>454.0925</cy>
      <h>19.218902587890625</h>
      <w>6.542979717254639</w>
      <angle>0.7232721412251616</angle>
    </robndbox>
  </object>
  <object>
    <type>robndbox</type>
    <name>ship</name>
    <difficult>0</difficult>
    <robndbox>
      <cx>124.4803</cx>
      <cy>401.3789</cy>
      <h>14.9176025390625</h>
      <w>5.57900333404541</w>
      <angle>0.6932715649663916</angle>
    </robndbox>
  </object>
</annotation>
