<annotation>
  <folder>RSDD-SAR</folder>
  <filename>103_16_26.xml</filename>
  <polarization>HH</polarization>
  <resolution>10</resolution>
  <size>
    <width>512</width>
    <height>512</height>
    <depth>3</depth>
  </size>
  <segmented>0</segmented>
  <object>
    <type>robndbox</type>
    <name>ship</name>
    <difficult>0</difficult>
    <robndbox>
      <cx>274.1811</cx>
      <cy>494.2714</cy>
      <h>24.998380661010742</h>
      <w>12.010828018188477</w>
      <angle>-0.10657078523531927</angle>
    </robndbox>
  </object>
  <object>
    <type>robndbox</type>
    <name>ship</name>
    <difficult>0</difficult>
    <robndbox>
      <cx>302.0</cx>
      <cy>155.5</cy>
      <h>25.928701400756836</h>
      <w>7.259609222412109</w>
      <angle>-0.009999903577138536</angle>
    </robndbox>
  </object>
  <object>
    <type>robndbox</type>
    <name>ship</name>
    <difficult>0</difficult>
    <robndbox>
      <cx>186.7976</cx>
      <cy>62.3624</cy>
      <h>22.136320114135742</h>
      <w>8.619189262390137</w>
      <angle>0.4299994157949148</angle>
    </robndbox>
  </object>
  <object>
    <type>robndbox</type>
    <name>ship</name>
    <difficult>0</difficult>
    <robndbox>
      <cx>340.9502</cx>
      <cy>29.9069</cy>
      <h>23.486591339111328</h>
      <w>9.0679931640625</w>
      <angle>-0.72000091387919</angle>
    </robndbox>
  </object>
  <object>
    <type>robndbox</type>
    <name>ship</name>
    <difficult>0</difficult>
    <robndbox>
      <cx>272.9265</cx>
      <cy>112.5233</cy>
      <h>25.027204513549805</h>
      <w>7.91702127456665</w>
      <angle>1.5615923089095283</angle>
    </robndbox>
  </object>
  <object>
    <type>robndbox</type>
    <name>ship</name>
    <difficult>0</difficult>
    <robndbox>
      <cx>384.1623</cx>
      <cy>144.5306</cy>
      <h>22.269311904907227</h>
      <w>6.99751091003418</w>
      <angle>-1.0800001391067808</angle>
    </robndbox>
  </object>
  <object>
    <type>robndbox</type>
    <name>ship</name>
    <difficult>0</difficult>
    <robndbox>
      <cx>249.1897</cx>
      <cy>55.8661</cy>
      <h>17.77800750732422</h>
      <w>8.70239543914795</w>
      <angle>-1.5107963518939014</angle>
    </robndbox>
  </object>
  <object>
    <type>robndbox</type>
    <name>ship</name>
    <difficult>0</difficult>
    <robndbox>
      <cx>309.2645</cx>
      <cy>65.3673</cy>
      <h>26.871213912963867</h>
      <w>9.549379348754883</w>
      <angle>-1.2200001540567789</angle>
    </robndbox>
  </object>
  <object>
    <type>robndbox</type>
    <name>ship</name>
    <difficult>0</difficult>
    <robndbox>
      <cx>244.4119</cx>
      <cy>18.3201</cy>
      <h>32.788604736328125</h>
      <w>10.480998039245605</w>
      <angle>-0.7400005212963854</angle>
    </robndbox>
  </object>
  <object>
    <type>robndbox</type>
    <name>ship</name>
    <difficult>0</difficult>
    <robndbox>
      <cx>214.3819</cx>
      <cy>477.0472</cy>
      <h>8.387799263000488</h>
      <w>4.301881313323975</w>
      <angle>0.2434301509565438</angle>
    </robndbox>
  </object>
  <object>
    <type>robndbox</type>
    <name>ship</name>
    <difficult>0</difficult>
    <robndbox>
      <cx>121.9298</cx>
      <cy>494.7138</cy>
      <h>8.61530590057373</h>
      <w>7.584022521972656</w>
      <angle>0.22342934511685797</angle>
    </robndbox>
  </object>
  <object>
    <type>robndbox</type>
    <name>ship</name>
    <difficult>0</difficult>
    <robndbox>
      <cx>156.6454</cx>
      <cy>474.4153</cy>
      <h>12.156508445739746</h>
      <w>5.6210103034973145</w>
      <angle>-0.12656646448990672</angle>
    </robndbox>
  </object>
</annotation>
