<annotation>
  <folder>RSDD-SAR</folder>
  <filename>103_8_7.xml</filename>
  <polarization>HH</polarization>
  <resolution>10</resolution>
  <size>
    <width>512</width>
    <height>512</height>
    <depth>3</depth>
  </size>
  <segmented>0</segmented>
  <object>
    <type>robndbox</type>
    <name>ship</name>
    <difficult>0</difficult>
    <robndbox>
      <cx>396.4805</cx>
      <cy>22.2681</cy>
      <h>48.49571228027344</h>
      <w>10.581999778747559</w>
      <angle>0.06656797097226792</angle>
    </robndbox>
  </object>
</annotation>
