<annotation>
  <folder>RSDD-SAR</folder>
  <filename>103_6_22.xml</filename>
  <polarization>HH</polarization>
  <resolution>10</resolution>
  <size>
    <width>512</width>
    <height>512</height>
    <depth>3</depth>
  </size>
  <segmented>0</segmented>
  <object>
    <type>robndbox</type>
    <name>ship</name>
    <difficult>0</difficult>
    <robndbox>
      <cx>201.0044</cx>
      <cy>116.0994</cy>
      <h>56.849700927734375</h>
      <w>10.38709831237793</w>
      <angle>0.5885239132343134</angle>
    </robndbox>
  </object>
</annotation>
