<annotation>
  <folder>RSDD-SAR</folder>
  <filename>103_2_51.xml</filename>
  <polarization>HH</polarization>
  <resolution>10</resolution>
  <size>
    <width>512</width>
    <height>512</height>
    <depth>3</depth>
  </size>
  <segmented>0</segmented>
  <object>
    <type>robndbox</type>
    <name>ship</name>
    <difficult>0</difficult>
    <robndbox>
      <cx>451.0641</cx>
      <cy>498.0885</cy>
      <h>20.055585861206055</h>
      <w>6.27414083480835</w>
      <angle>1.550794255953693</angle>
    </robndbox>
  </object>
</annotation>
