<annotation>
  <folder>RSDD-SAR</folder>
  <filename>103_9_22.xml</filename>
  <polarization>HH</polarization>
  <resolution>10</resolution>
  <size>
    <width>512</width>
    <height>512</height>
    <depth>3</depth>
  </size>
  <segmented>0</segmented>
  <object>
    <type>robndbox</type>
    <name>ship</name>
    <difficult>0</difficult>
    <robndbox>
      <cx>138.5777</cx>
      <cy>309.5852</cy>
      <h>51.303802490234375</h>
      <w>10.347774505615234</w>
      <angle>-0.5907738183022396</angle>
    </robndbox>
  </object>
</annotation>
