<annotation>
  <folder>RSDD-SAR</folder>
  <filename>103_0_18.xml</filename>
  <polarization>HH</polarization>
  <resolution>10</resolution>
  <size>
    <width>512</width>
    <height>512</height>
    <depth>3</depth>
  </size>
  <segmented>0</segmented>
  <object>
    <type>robndbox</type>
    <name>ship</name>
    <difficult>0</difficult>
    <robndbox>
      <cx>341.8555</cx>
      <cy>487.3088</cy>
      <h>32.166015625</h>
      <w>9.103449821472168</w>
      <angle>0.8885382645165276</angle>
    </robndbox>
  </object>
</annotation>
