<annotation>
  <folder>RSDD-SAR</folder>
  <filename>103_16_22.xml</filename>
  <polarization>HH</polarization>
  <resolution>10</resolution>
  <size>
    <width>512</width>
    <height>512</height>
    <depth>3</depth>
  </size>
  <segmented>0</segmented>
  <object>
    <type>robndbox</type>
    <name>ship</name>
    <difficult>0</difficult>
    <robndbox>
      <cx>263.82</cx>
      <cy>326.0243</cy>
      <h>26.735559463500977</h>
      <w>8.438573837280273</w>
      <angle>1.4977555386320018</angle>
    </robndbox>
  </object>
  <object>
    <type>robndbox</type>
    <name>ship</name>
    <difficult>0</difficult>
    <robndbox>
      <cx>110.1086</cx>
      <cy>75.7073</cy>
      <h>25.678302764892578</h>
      <w>9.659393310546875</w>
      <angle>1.2494823460093647</angle>
    </robndbox>
  </object>
  <object>
    <type>robndbox</type>
    <name>ship</name>
    <difficult>0</difficult>
    <robndbox>
      <cx>126.8177</cx>
      <cy>320.4901</cy>
      <h>25.633121490478516</h>
      <w>8.622002601623535</w>
      <angle>1.4920406612488006</angle>
    </robndbox>
  </object>
  <object>
    <type>robndbox</type>
    <name>ship</name>
    <difficult>0</difficult>
    <robndbox>
      <cx>7.7231</cx>
      <cy>468.9934</cy>
      <h>26.621849060058594</h>
      <w>8.354098320007324</w>
      <angle>1.4920411938810187</angle>
    </robndbox>
  </object>
</annotation>
