<annotation>
  <folder>RSDD-SAR</folder>
  <filename>103_16_21.xml</filename>
  <polarization>HH</polarization>
  <resolution>10</resolution>
  <size>
    <width>512</width>
    <height>512</height>
    <depth>3</depth>
  </size>
  <segmented>0</segmented>
  <object>
    <type>robndbox</type>
    <name>ship</name>
    <difficult>0</difficult>
    <robndbox>
      <cx>123.9379</cx>
      <cy>169.2377</cy>
      <h>15.634799003601074</h>
      <w>8.123893737792969</w>
      <angle>-0.04617641698282937</angle>
    </robndbox>
  </object>
  <object>
    <type>robndbox</type>
    <name>ship</name>
    <difficult>0</difficult>
    <robndbox>
      <cx>426.288</cx>
      <cy>381.747</cy>
      <h>25.6326961517334</h>
      <w>7.559494495391846</w>
      <angle>1.1538278580822803</angle>
    </robndbox>
  </object>
  <object>
    <type>robndbox</type>
    <name>ship</name>
    <difficult>0</difficult>
    <robndbox>
      <cx>313.4379</cx>
      <cy>124.2377</cy>
      <h>14.635769844055176</h>
      <w>8.077701568603516</w>
      <angle>-0.04617708277310184</angle>
    </robndbox>
  </object>
</annotation>
