<annotation>
  <folder>RSDD-SAR</folder>
  <filename>103_3_24.xml</filename>
  <polarization>HH</polarization>
  <resolution>10</resolution>
  <size>
    <width>512</width>
    <height>512</height>
    <depth>3</depth>
  </size>
  <segmented>0</segmented>
  <object>
    <type>robndbox</type>
    <name>ship</name>
    <difficult>0</difficult>
    <robndbox>
      <cx>337.8993</cx>
      <cy>483.332</cy>
      <h>32.66384506225586</h>
      <w>10.676992416381836</w>
      <angle>1.5619447782798002</angle>
    </robndbox>
  </object>
</annotation>
