<annotation>
  <folder>RSDD-SAR</folder>
  <filename>103_22_26.xml</filename>
  <polarization>HH</polarization>
  <resolution>10</resolution>
  <size>
    <width>512</width>
    <height>512</height>
    <depth>3</depth>
  </size>
  <segmented>0</segmented>
  <object>
    <type>robndbox</type>
    <name>ship</name>
    <difficult>0</difficult>
    <robndbox>
      <cx>342.757</cx>
      <cy>128.6502</cy>
      <h>26.787799835205078</h>
      <w>10.254399299621582</w>
      <angle>1.4157988866136852</angle>
    </robndbox>
  </object>
  <object>
    <type>robndbox</type>
    <name>ship</name>
    <difficult>0</difficult>
    <robndbox>
      <cx>405.0293</cx>
      <cy>284.2782</cy>
      <h>27.378725051879883</h>
      <w>7.5380048751831055</w>
      <angle>1.4673917737795723</angle>
    </robndbox>
  </object>
  <object>
    <type>robndbox</type>
    <name>ship</name>
    <difficult>0</difficult>
    <robndbox>
      <cx>357.6171</cx>
      <cy>231.4297</cy>
      <h>21.876794815063477</h>
      <w>7.0389018058776855</w>
      <angle>-0.1742009621695546</angle>
    </robndbox>
  </object>
  <object>
    <type>robndbox</type>
    <name>ship</name>
    <difficult>0</difficult>
    <robndbox>
      <cx>327.942</cx>
      <cy>27.3899</cy>
      <h>13.207608222961426</h>
      <w>5.129197120666504</w>
      <angle>-0.2842004341502964</angle>
    </robndbox>
  </object>
</annotation>
