<annotation>
  <folder>RSDD-SAR</folder>
  <filename>103_5_14.xml</filename>
  <polarization>HH</polarization>
  <resolution>10</resolution>
  <size>
    <width>512</width>
    <height>512</height>
    <depth>3</depth>
  </size>
  <segmented>0</segmented>
  <object>
    <type>robndbox</type>
    <name>ship</name>
    <difficult>0</difficult>
    <robndbox>
      <cx>79.443</cx>
      <cy>61.8219</cy>
      <h>43.971195220947266</h>
      <w>10.576193809509277</w>
      <angle>-0.5390714086365229</angle>
    </robndbox>
  </object>
</annotation>
