<annotation>
  <folder>RSDD-SAR</folder>
  <filename>103_4_13.xml</filename>
  <polarization>HH</polarization>
  <resolution>10</resolution>
  <size>
    <width>512</width>
    <height>512</height>
    <depth>3</depth>
  </size>
  <segmented>0</segmented>
  <object>
    <type>robndbox</type>
    <name>ship</name>
    <difficult>0</difficult>
    <robndbox>
      <cx>360.0158</cx>
      <cy>68.3501</cy>
      <h>56.98197937011719</h>
      <w>10.727764129638672</w>
      <angle>-0.16367388585463472</angle>
    </robndbox>
  </object>
</annotation>
