<annotation>
  <folder>RSDD-SAR</folder>
  <filename>103_9_14.xml</filename>
  <polarization>HH</polarization>
  <resolution>10</resolution>
  <size>
    <width>512</width>
    <height>512</height>
    <depth>3</depth>
  </size>
  <segmented>0</segmented>
  <object>
    <type>robndbox</type>
    <name>ship</name>
    <difficult>0</difficult>
    <robndbox>
      <cx>151.1367</cx>
      <cy>64.9289</cy>
      <h>29.267589569091797</h>
      <w>7.858287811279297</w>
      <angle>-0.9041546416745887</angle>
    </robndbox>
  </object>
</annotation>
