<annotation>
  <folder>RSDD-SAR</folder>
  <filename>103_0_44.xml</filename>
  <polarization>HH</polarization>
  <resolution>10</resolution>
  <size>
    <width>512</width>
    <height>512</height>
    <depth>3</depth>
  </size>
  <segmented>0</segmented>
  <object>
    <type>robndbox</type>
    <name>ship</name>
    <difficult>0</difficult>
    <robndbox>
      <cx>142.5735</cx>
      <cy>175.7226</cy>
      <h>24.000505447387695</h>
      <w>7.105295658111572</w>
      <angle>1.41013887034894</angle>
    </robndbox>
  </object>
</annotation>
