<annotation>
  <folder>RSDD-SAR</folder>
  <filename>103_8_23.xml</filename>
  <polarization>HH</polarization>
  <resolution>10</resolution>
  <size>
    <width>512</width>
    <height>512</height>
    <depth>3</depth>
  </size>
  <segmented>0</segmented>
  <object>
    <type>robndbox</type>
    <name>ship</name>
    <difficult>0</difficult>
    <robndbox>
      <cx>348.466</cx>
      <cy>453.734</cy>
      <h>46.80659103393555</h>
      <w>10.230403900146484</w>
      <angle>-1.142743382151207</angle>
    </robndbox>
  </object>
</annotation>
