<annotation>
  <folder>RSDD-SAR</folder>
  <filename>103_15_26.xml</filename>
  <polarization>HH</polarization>
  <resolution>10</resolution>
  <size>
    <width>512</width>
    <height>512</height>
    <depth>3</depth>
  </size>
  <segmented>0</segmented>
  <object>
    <type>robndbox</type>
    <name>ship</name>
    <difficult>0</difficult>
    <robndbox>
      <cx>67.8588</cx>
      <cy>490.3812</cy>
      <h>24.536203384399414</h>
      <w>8.349672317504883</w>
      <angle>0.6904446860482999</angle>
    </robndbox>
  </object>
  <object>
    <type>robndbox</type>
    <name>ship</name>
    <difficult>0</difficult>
    <robndbox>
      <cx>179.2996</cx>
      <cy>458.9035</cy>
      <h>20.043710708618164</h>
      <w>7.796213626861572</w>
      <angle>-1.5511465526346129</angle>
    </robndbox>
  </object>
  <object>
    <type>robndbox</type>
    <name>ship</name>
    <difficult>0</difficult>
    <robndbox>
      <cx>328.5021</cx>
      <cy>355.8673</cy>
      <h>11.455101013183594</h>
      <w>6.024565696716309</w>
      <angle>0.5004446538699047</angle>
    </robndbox>
  </object>
  <object>
    <type>robndbox</type>
    <name>ship</name>
    <difficult>0</difficult>
    <robndbox>
      <cx>364.2363</cx>
      <cy>487.6049</cy>
      <h>19.110599517822266</h>
      <w>4.667387008666992</w>
      <angle>0.5004467511092631</angle>
    </robndbox>
  </object>
  <object>
    <type>robndbox</type>
    <name>ship</name>
    <difficult>0</difficult>
    <robndbox>
      <cx>162.8223</cx>
      <cy>123.0622</cy>
      <h>15.897476196289062</h>
      <w>4.886200904846191</w>
      <angle>-0.4895537897500801</angle>
    </robndbox>
  </object>
  <object>
    <type>robndbox</type>
    <name>ship</name>
    <difficult>0</difficult>
    <robndbox>
      <cx>86.4724</cx>
      <cy>160.9677</cy>
      <h>15.920000076293945</h>
      <w>5.982810974121094</w>
      <angle>0.36044527142066546</angle>
    </robndbox>
  </object>
  <object>
    <type>robndbox</type>
    <name>ship</name>
    <difficult>0</difficult>
    <robndbox>
      <cx>342.7735</cx>
      <cy>447.3155</cy>
      <h>26.97711753845215</h>
      <w>6.1971235275268555</w>
      <angle>1.5204460705936407</angle>
    </robndbox>
  </object>
  <object>
    <type>robndbox</type>
    <name>ship</name>
    <difficult>0</difficult>
    <robndbox>
      <cx>236.7996</cx>
      <cy>427.9035</cy>
      <h>16.205001831054688</h>
      <w>10.12728500366211</w>
      <angle>0.019648571576603838</angle>
    </robndbox>
  </object>
</annotation>
