<annotation>
  <folder>RSDD-SAR</folder>
  <filename>103_0_36.xml</filename>
  <polarization>HH</polarization>
  <resolution>10</resolution>
  <size>
    <width>512</width>
    <height>512</height>
    <depth>3</depth>
  </size>
  <segmented>0</segmented>
  <object>
    <type>robndbox</type>
    <name>ship</name>
    <difficult>0</difficult>
    <robndbox>
      <cx>284.2422</cx>
      <cy>439.1946</cy>
      <h>55.72373580932617</h>
      <w>17.13221549987793</w>
      <angle>0.4670990474134544</angle>
    </robndbox>
  </object>
</annotation>
