<annotation>
  <folder>RSDD-SAR</folder>
  <filename>103_16_36.xml</filename>
  <polarization>HH</polarization>
  <resolution>10</resolution>
  <size>
    <width>512</width>
    <height>512</height>
    <depth>3</depth>
  </size>
  <segmented>0</segmented>
  <object>
    <type>robndbox</type>
    <name>ship</name>
    <difficult>0</difficult>
    <robndbox>
      <cx>38.2539</cx>
      <cy>51.2752</cy>
      <h>41.43780517578125</h>
      <w>9.013094902038574</w>
      <angle>0.5870751536013102</angle>
    </robndbox>
  </object>
  <object>
    <type>robndbox</type>
    <name>ship</name>
    <difficult>0</difficult>
    <robndbox>
      <cx>477.5294</cx>
      <cy>187.9216</cy>
      <h>49.27738952636719</h>
      <w>8.470010757446289</w>
      <angle>0.7570745796771013</angle>
    </robndbox>
  </object>
  <object>
    <type>robndbox</type>
    <name>ship</name>
    <difficult>0</difficult>
    <robndbox>
      <cx>430.7067</cx>
      <cy>144.304</cy>
      <h>44.971988677978516</h>
      <w>9.442506790161133</w>
      <angle>0.7370767698936419</angle>
    </robndbox>
  </object>
  <object>
    <type>robndbox</type>
    <name>ship</name>
    <difficult>0</difficult>
    <robndbox>
      <cx>401.4827</cx>
      <cy>90.8515</cy>
      <h>53.890899658203125</h>
      <w>8.542608261108398</w>
      <angle>0.7870751559358712</angle>
    </robndbox>
  </object>
  <object>
    <type>robndbox</type>
    <name>ship</name>
    <difficult>0</difficult>
    <robndbox>
      <cx>387.452</cx>
      <cy>100.5272</cy>
      <h>53.46100616455078</h>
      <w>8.482101440429688</w>
      <angle>0.7570749791512648</angle>
    </robndbox>
  </object>
  <object>
    <type>robndbox</type>
    <name>ship</name>
    <difficult>0</difficult>
    <robndbox>
      <cx>418.8146</cx>
      <cy>299.6421</cy>
      <h>38.4182014465332</h>
      <w>8.016071319580078</w>
      <angle>0.7570747128351557</angle>
    </robndbox>
  </object>
  <object>
    <type>robndbox</type>
    <name>ship</name>
    <difficult>0</difficult>
    <robndbox>
      <cx>372.4827</cx>
      <cy>255.8515</cy>
      <h>48.23412322998047</h>
      <w>8.533113479614258</w>
      <angle>0.7870749561987894</angle>
    </robndbox>
  </object>
  <object>
    <type>robndbox</type>
    <name>ship</name>
    <difficult>0</difficult>
    <robndbox>
      <cx>325.2669</cx>
      <cy>206.085</cy>
      <h>55.1681022644043</h>
      <w>11.146926879882812</w>
      <angle>0.7970756587242549</angle>
    </robndbox>
  </object>
  <object>
    <type>robndbox</type>
    <name>ship</name>
    <difficult>0</difficult>
    <robndbox>
      <cx>388.3405</cx>
      <cy>330.3907</cy>
      <h>47.38048553466797</h>
      <w>8.98216438293457</w>
      <angle>0.7570743133609923</angle>
    </robndbox>
  </object>
  <object>
    <type>robndbox</type>
    <name>ship</name>
    <difficult>0</difficult>
    <robndbox>
      <cx>351.4886</cx>
      <cy>290.1882</cy>
      <h>50.106903076171875</h>
      <w>9.494895935058594</w>
      <angle>0.8070721667710037</angle>
    </robndbox>
  </object>
  <object>
    <type>robndbox</type>
    <name>ship</name>
    <difficult>0</difficult>
    <robndbox>
      <cx>300.7449</cx>
      <cy>242.5</cy>
      <h>53.723411560058594</h>
      <w>9.989601135253906</w>
      <angle>0.7870765540954434</angle>
    </robndbox>
  </object>
  <object>
    <type>robndbox</type>
    <name>ship</name>
    <difficult>0</difficult>
    <robndbox>
      <cx>484.2539</cx>
      <cy>284.2752</cy>
      <h>41.437774658203125</h>
      <w>9.01308822631836</w>
      <angle>-0.6129244609318918</angle>
    </robndbox>
  </object>
  <object>
    <type>robndbox</type>
    <name>ship</name>
    <difficult>0</difficult>
    <robndbox>
      <cx>39.3567</cx>
      <cy>254.4025</cy>
      <h>14.688922882080078</h>
      <w>6.290390968322754</w>
      <angle>0.7870756885680892</angle>
    </robndbox>
  </object>
  <object>
    <type>robndbox</type>
    <name>ship</name>
    <difficult>0</difficult>
    <robndbox>
      <cx>486.8144</cx>
      <cy>178.6213</cy>
      <h>45.55518341064453</h>
      <w>9.199724197387695</w>
      <angle>0.7570750457302922</angle>
    </robndbox>
  </object>
  <object>
    <type>robndbox</type>
    <name>ship</name>
    <difficult>0</difficult>
    <robndbox>
      <cx>227.2064</cx>
      <cy>391.1846</cy>
      <h>11.699292182922363</h>
      <w>5.311481952667236</w>
      <angle>-0.5829239512521494</angle>
    </robndbox>
  </object>
  <object>
    <type>robndbox</type>
    <name>ship</name>
    <difficult>0</difficult>
    <robndbox>
      <cx>180.8451</cx>
      <cy>351.2526</cy>
      <h>23.89071273803711</h>
      <w>7.687386989593506</w>
      <angle>0.7370755714711513</angle>
    </robndbox>
  </object>
  <object>
    <type>robndbox</type>
    <name>ship</name>
    <difficult>0</difficult>
    <robndbox>
      <cx>161.0683</cx>
      <cy>300.751</cy>
      <h>15.756382942199707</h>
      <w>8.227798461914062</w>
      <angle>0.7370753051550423</angle>
    </robndbox>
  </object>
</annotation>
