<annotation>
  <folder>RSDD-SAR</folder>
  <filename>103_14_25.xml</filename>
  <polarization>HH</polarization>
  <resolution>10</resolution>
  <size>
    <width>512</width>
    <height>512</height>
    <depth>3</depth>
  </size>
  <segmented>0</segmented>
  <object>
    <type>robndbox</type>
    <name>ship</name>
    <difficult>0</difficult>
    <robndbox>
      <cx>363.2623</cx>
      <cy>60.1015</cy>
      <h>26.561800003051758</h>
      <w>8.346725463867188</w>
      <angle>-1.321701282659861</angle>
    </robndbox>
  </object>
  <object>
    <type>robndbox</type>
    <name>ship</name>
    <difficult>0</difficult>
    <robndbox>
      <cx>408.0475</cx>
      <cy>161.6795</cy>
      <h>21.45899772644043</h>
      <w>8.54599380493164</w>
      <angle>1.3098910953317413</angle>
    </robndbox>
  </object>
  <object>
    <type>robndbox</type>
    <name>ship</name>
    <difficult>0</difficult>
    <robndbox>
      <cx>393.4437</cx>
      <cy>218.4437</cy>
      <h>30.788503646850586</h>
      <w>7.8785080909729</w>
      <angle>1.3998934233192961</angle>
    </robndbox>
  </object>
</annotation>
