<annotation>
  <folder>RSDD-SAR</folder>
  <filename>103_3_25.xml</filename>
  <polarization>HH</polarization>
  <resolution>10</resolution>
  <size>
    <width>512</width>
    <height>512</height>
    <depth>3</depth>
  </size>
  <segmented>0</segmented>
  <object>
    <type>robndbox</type>
    <name>ship</name>
    <difficult>0</difficult>
    <robndbox>
      <cx>66.6224</cx>
      <cy>263.0</cy>
      <h>38.886775970458984</h>
      <w>12.824580192565918</w>
      <angle>-1.4677146238050958</angle>
    </robndbox>
  </object>
</annotation>
