<annotation>
  <folder>RSDD-SAR</folder>
  <filename>103_12_31.xml</filename>
  <polarization>HH</polarization>
  <resolution>10</resolution>
  <size>
    <width>512</width>
    <height>512</height>
    <depth>3</depth>
  </size>
  <segmented>0</segmented>
  <object>
    <type>robndbox</type>
    <name>ship</name>
    <difficult>0</difficult>
    <robndbox>
      <cx>146.0473</cx>
      <cy>242.5338</cy>
      <h>32.08432388305664</h>
      <w>10.34599781036377</w>
      <angle>0.6202490860359913</angle>
    </robndbox>
  </object>
</annotation>
