<annotation>
  <folder>RSDD-SAR</folder>
  <filename>103_25_27.xml</filename>
  <polarization>HH</polarization>
  <resolution>10</resolution>
  <size>
    <width>512</width>
    <height>512</height>
    <depth>3</depth>
  </size>
  <segmented>0</segmented>
  <object>
    <type>robndbox</type>
    <name>ship</name>
    <difficult>0</difficult>
    <robndbox>
      <cx>99.0064</cx>
      <cy>363.689</cy>
      <h>25.357194900512695</h>
      <w>7.5649027824401855</w>
      <angle>-0.48240772959707057</angle>
    </robndbox>
  </object>
  <object>
    <type>robndbox</type>
    <name>ship</name>
    <difficult>0</difficult>
    <robndbox>
      <cx>102.0064</cx>
      <cy>498.689</cy>
      <h>25.357200622558594</h>
      <w>7.564918041229248</w>
      <angle>-0.08240845729724833</angle>
    </robndbox>
  </object>
  <object>
    <type>robndbox</type>
    <name>ship</name>
    <difficult>0</difficult>
    <robndbox>
      <cx>178.8292</cx>
      <cy>322.2611</cy>
      <h>30.531593322753906</h>
      <w>9.233892440795898</w>
      <angle>-0.9824078353020138</angle>
    </robndbox>
  </object>
</annotation>
