<annotation>
  <folder>RSDD-SAR</folder>
  <filename>103_11_17.xml</filename>
  <polarization>HH</polarization>
  <resolution>10</resolution>
  <size>
    <width>512</width>
    <height>512</height>
    <depth>3</depth>
  </size>
  <segmented>0</segmented>
  <object>
    <type>robndbox</type>
    <name>ship</name>
    <difficult>0</difficult>
    <robndbox>
      <cx>311.5368</cx>
      <cy>342.9652</cy>
      <h>36.08567428588867</h>
      <w>7.746825218200684</w>
      <angle>-0.11768974910250929</angle>
    </robndbox>
  </object>
</annotation>
