<annotation>
  <folder>RSDD-SAR</folder>
  <filename>103_8_18.xml</filename>
  <polarization>HH</polarization>
  <resolution>10</resolution>
  <size>
    <width>512</width>
    <height>512</height>
    <depth>3</depth>
  </size>
  <segmented>0</segmented>
  <object>
    <type>robndbox</type>
    <name>ship</name>
    <difficult>0</difficult>
    <robndbox>
      <cx>98.4326</cx>
      <cy>63.7305</cy>
      <h>41.87440490722656</h>
      <w>10.219999313354492</w>
      <angle>-0.7522573207393114</angle>
    </robndbox>
  </object>
</annotation>
