<annotation>
  <folder>RSDD-SAR</folder>
  <filename>103_9_23.xml</filename>
  <polarization>HH</polarization>
  <resolution>10</resolution>
  <size>
    <width>512</width>
    <height>512</height>
    <depth>3</depth>
  </size>
  <segmented>0</segmented>
  <object>
    <type>robndbox</type>
    <name>ship</name>
    <difficult>0</difficult>
    <robndbox>
      <cx>173.9724</cx>
      <cy>246.1272</cy>
      <h>42.273887634277344</h>
      <w>13.105300903320312</w>
      <angle>-1.2839971134738737</angle>
    </robndbox>
  </object>
</annotation>
