<annotation>
  <folder>RSDD-SAR</folder>
  <filename>103_11_4.xml</filename>
  <polarization>HH</polarization>
  <resolution>10</resolution>
  <size>
    <width>512</width>
    <height>512</height>
    <depth>3</depth>
  </size>
  <segmented>0</segmented>
  <object>
    <type>robndbox</type>
    <name>ship</name>
    <difficult>0</difficult>
    <robndbox>
      <cx>92.2776</cx>
      <cy>134.8154</cy>
      <h>24.54448699951172</h>
      <w>6.934710502624512</w>
      <angle>-0.7753983929783642</angle>
    </robndbox>
  </object>
</annotation>
