<annotation>
  <folder>RSDD-SAR</folder>
  <filename>103_21_26.xml</filename>
  <polarization>HH</polarization>
  <resolution>10</resolution>
  <size>
    <width>512</width>
    <height>512</height>
    <depth>3</depth>
  </size>
  <segmented>0</segmented>
  <object>
    <type>robndbox</type>
    <name>ship</name>
    <difficult>0</difficult>
    <robndbox>
      <cx>270.968</cx>
      <cy>118.8962</cy>
      <h>36.3314094543457</h>
      <w>6.431684494018555</w>
      <angle>-0.03758359456763416</angle>
    </robndbox>
  </object>
  <object>
    <type>robndbox</type>
    <name>ship</name>
    <difficult>0</difficult>
    <robndbox>
      <cx>279.1496</cx>
      <cy>274.2097</cy>
      <h>27.42943572998047</h>
      <w>9.084115982055664</w>
      <angle>-1.4736863297859213</angle>
    </robndbox>
  </object>
  <object>
    <type>robndbox</type>
    <name>ship</name>
    <difficult>0</difficult>
    <robndbox>
      <cx>328.7185</cx>
      <cy>431.4524</cy>
      <h>23.71509552001953</h>
      <w>8.325939178466797</w>
      <angle>-0.46369023450766655</angle>
    </robndbox>
  </object>
  <object>
    <type>robndbox</type>
    <name>ship</name>
    <difficult>0</difficult>
    <robndbox>
      <cx>285.1356</cx>
      <cy>371.6107</cy>
      <h>20.59130859375</h>
      <w>5.721297264099121</w>
      <angle>-1.0636886436146953</angle>
    </robndbox>
  </object>
  <object>
    <type>robndbox</type>
    <name>ship</name>
    <difficult>0</difficult>
    <robndbox>
      <cx>361.3832</cx>
      <cy>472.9301</cy>
      <h>25.263219833374023</h>
      <w>7.609775066375732</w>
      <angle>1.477904069550442</angle>
    </robndbox>
  </object>
</annotation>
