<annotation>
  <folder>RSDD-SAR</folder>
  <filename>103_12_15.xml</filename>
  <polarization>HH</polarization>
  <resolution>10</resolution>
  <size>
    <width>512</width>
    <height>512</height>
    <depth>3</depth>
  </size>
  <segmented>0</segmented>
  <object>
    <type>robndbox</type>
    <name>ship</name>
    <difficult>0</difficult>
    <robndbox>
      <cx>260.4916</cx>
      <cy>35.329</cy>
      <h>45.07892990112305</h>
      <w>9.938604354858398</w>
      <angle>0.15598390833849018</angle>
    </robndbox>
  </object>
</annotation>
