<annotation>
  <folder>RSDD-SAR</folder>
  <filename>103_5_25.xml</filename>
  <polarization>HH</polarization>
  <resolution>10</resolution>
  <size>
    <width>512</width>
    <height>512</height>
    <depth>3</depth>
  </size>
  <segmented>0</segmented>
  <object>
    <type>robndbox</type>
    <name>ship</name>
    <difficult>0</difficult>
    <robndbox>
      <cx>238.337</cx>
      <cy>126.4403</cy>
      <h>40.82051467895508</h>
      <w>6.175375461578369</w>
      <angle>-0.13435607752033407</angle>
    </robndbox>
  </object>
</annotation>
