<annotation>
  <folder>RSDD-SAR</folder>
  <filename>103_11_24.xml</filename>
  <polarization>HH</polarization>
  <resolution>10</resolution>
  <size>
    <width>512</width>
    <height>512</height>
    <depth>3</depth>
  </size>
  <segmented>0</segmented>
  <object>
    <type>robndbox</type>
    <name>ship</name>
    <difficult>0</difficult>
    <robndbox>
      <cx>350.908</cx>
      <cy>299.8189</cy>
      <h>34.1691780090332</h>
      <w>9.72842788696289</w>
      <angle>-1.1134732111109051</angle>
    </robndbox>
  </object>
</annotation>
