<annotation>
  <folder>RSDD-SAR</folder>
  <filename>103_5_11.xml</filename>
  <polarization>HH</polarization>
  <resolution>10</resolution>
  <size>
    <width>512</width>
    <height>512</height>
    <depth>3</depth>
  </size>
  <segmented>0</segmented>
  <object>
    <type>robndbox</type>
    <name>ship</name>
    <difficult>0</difficult>
    <robndbox>
      <cx>94.143</cx>
      <cy>430.9936</cy>
      <h>51.920291900634766</h>
      <w>11.08752155303955</w>
      <angle>0.017854555994812577</angle>
    </robndbox>
  </object>
</annotation>
