<annotation>
  <folder>RSDD-SAR</folder>
  <filename>103_2_12.xml</filename>
  <polarization>HH</polarization>
  <resolution>10</resolution>
  <size>
    <width>512</width>
    <height>512</height>
    <depth>3</depth>
  </size>
  <segmented>0</segmented>
  <object>
    <type>robndbox</type>
    <name>ship</name>
    <difficult>0</difficult>
    <robndbox>
      <cx>53.7359</cx>
      <cy>32.1038</cy>
      <h>42.85139465332031</h>
      <w>10.535297393798828</w>
      <angle>-1.47520133555104</angle>
    </robndbox>
  </object>
</annotation>
