<annotation>
  <folder>RSDD-SAR</folder>
  <filename>103_8_20.xml</filename>
  <polarization>HH</polarization>
  <resolution>10</resolution>
  <size>
    <width>512</width>
    <height>512</height>
    <depth>3</depth>
  </size>
  <segmented>0</segmented>
  <object>
    <type>robndbox</type>
    <name>ship</name>
    <difficult>0</difficult>
    <robndbox>
      <cx>40.3107</cx>
      <cy>432.0207</cy>
      <h>44.2185173034668</h>
      <w>9.652384757995605</w>
      <angle>-0.711606563544233</angle>
    </robndbox>
  </object>
</annotation>
