<annotation>
  <folder>RSDD-SAR</folder>
  <filename>103_19_37.xml</filename>
  <polarization>HH</polarization>
  <resolution>10</resolution>
  <size>
    <width>512</width>
    <height>512</height>
    <depth>3</depth>
  </size>
  <segmented>0</segmented>
  <object>
    <type>robndbox</type>
    <name>ship</name>
    <difficult>0</difficult>
    <robndbox>
      <cx>246.7378</cx>
      <cy>136.2632</cy>
      <h>20.679197311401367</h>
      <w>6.022598743438721</w>
      <angle>-1.5464408905494704</angle>
    </robndbox>
  </object>
  <object>
    <type>robndbox</type>
    <name>ship</name>
    <difficult>0</difficult>
    <robndbox>
      <cx>312.8348</cx>
      <cy>427.7472</cy>
      <h>21.854703903198242</h>
      <w>6.427913188934326</w>
      <angle>0.48514878814903456</angle>
    </robndbox>
  </object>
  <object>
    <type>robndbox</type>
    <name>ship</name>
    <difficult>0</difficult>
    <robndbox>
      <cx>363.7304</cx>
      <cy>485.405</cy>
      <h>20.672821044921875</h>
      <w>6.796286106109619</w>
      <angle>0.6543550582731729</angle>
    </robndbox>
  </object>
  <object>
    <type>robndbox</type>
    <name>ship</name>
    <difficult>0</difficult>
    <robndbox>
      <cx>253.3</cx>
      <cy>378.1207</cy>
      <h>16.959238052368164</h>
      <w>4.989991664886475</w>
      <angle>0.8951511598193034</angle>
    </robndbox>
  </object>
  <object>
    <type>robndbox</type>
    <name>ship</name>
    <difficult>0</difficult>
    <robndbox>
      <cx>267.7901</cx>
      <cy>399.1518</cy>
      <h>27.006732940673828</h>
      <w>7.368692874908447</w>
      <angle>0.9551529115480883</angle>
    </robndbox>
  </object>
  <object>
    <type>robndbox</type>
    <name>ship</name>
    <difficult>0</difficult>
    <robndbox>
      <cx>255.6898</cx>
      <cy>72.5632</cy>
      <h>16.375797271728516</h>
      <w>5.17818546295166</w>
      <angle>1.465150856880325</angle>
    </robndbox>
  </object>
  <object>
    <type>robndbox</type>
    <name>ship</name>
    <difficult>0</difficult>
    <robndbox>
      <cx>241.1131</cx>
      <cy>22.7563</cy>
      <h>17.674800872802734</h>
      <w>5.278995037078857</w>
      <angle>1.2951510313303707</angle>
    </robndbox>
  </object>
  <object>
    <type>robndbox</type>
    <name>ship</name>
    <difficult>0</difficult>
    <robndbox>
      <cx>243.1869</cx>
      <cy>47.9605</cy>
      <h>21.214513778686523</h>
      <w>5.975510597229004</w>
      <angle>1.3151512379588113</angle>
    </robndbox>
  </object>
</annotation>
