<annotation>
  <folder>RSDD-SAR</folder>
  <filename>104_11_25.xml</filename>
  <polarization>HV</polarization>
  <resolution>10</resolution>
  <size>
    <width>512</width>
    <height>512</height>
    <depth>3</depth>
  </size>
  <segmented>0</segmented>
  <object>
    <type>robndbox</type>
    <name>ship</name>
    <difficult>0</difficult>
    <robndbox>
      <cx>250.7449</cx>
      <cy>343.0</cy>
      <h>20.74342918395996</h>
      <w>7.396797180175781</w>
      <angle>-1.2736872512353634</angle>
    </robndbox>
  </object>
</annotation>
