<annotation>
  <folder>RSDD-SAR</folder>
  <filename>104_7_18.xml</filename>
  <polarization>HV</polarization>
  <resolution>10</resolution>
  <size>
    <width>512</width>
    <height>512</height>
    <depth>3</depth>
  </size>
  <segmented>0</segmented>
  <object>
    <type>robndbox</type>
    <name>ship</name>
    <difficult>0</difficult>
    <robndbox>
      <cx>314.5207</cx>
      <cy>162.3119</cy>
      <h>46.00151062011719</h>
      <w>11.310314178466797</w>
      <angle>-0.9160597041165427</angle>
    </robndbox>
  </object>
</annotation>
