<annotation>
  <folder>RSDD-SAR</folder>
  <filename>104_8_18.xml</filename>
  <polarization>HV</polarization>
  <resolution>10</resolution>
  <size>
    <width>512</width>
    <height>512</height>
    <depth>3</depth>
  </size>
  <segmented>0</segmented>
  <object>
    <type>robndbox</type>
    <name>ship</name>
    <difficult>0</difficult>
    <robndbox>
      <cx>100.0286</cx>
      <cy>65.36</cy>
      <h>41.12179946899414</h>
      <w>9.959994316101074</w>
      <angle>-0.8378153654997422</angle>
    </robndbox>
  </object>
</annotation>
