<annotation>
  <folder>RSDD-SAR</folder>
  <filename>104_11_24.xml</filename>
  <polarization>HV</polarization>
  <resolution>10</resolution>
  <size>
    <width>512</width>
    <height>512</height>
    <depth>3</depth>
  </size>
  <segmented>0</segmented>
  <object>
    <type>robndbox</type>
    <name>ship</name>
    <difficult>0</difficult>
    <robndbox>
      <cx>352.1873</cx>
      <cy>301.2456</cy>
      <h>41.98304748535156</h>
      <w>11.536518096923828</w>
      <angle>-1.339967954510985</angle>
    </robndbox>
  </object>
</annotation>
