<annotation>
  <folder>RSDD-SAR</folder>
  <filename>104_0_44.xml</filename>
  <polarization>HV</polarization>
  <resolution>10</resolution>
  <size>
    <width>512</width>
    <height>512</height>
    <depth>3</depth>
  </size>
  <segmented>0</segmented>
  <object>
    <type>robndbox</type>
    <name>ship</name>
    <difficult>0</difficult>
    <robndbox>
      <cx>142.9865</cx>
      <cy>174.9111</cy>
      <h>21.45209312438965</h>
      <w>6.890946865081787</w>
      <angle>1.4204233326885536</angle>
    </robndbox>
  </object>
</annotation>
