<annotation>
  <folder>RSDD-SAR</folder>
  <filename>104_22_26.xml</filename>
  <polarization>HV</polarization>
  <resolution>10</resolution>
  <size>
    <width>512</width>
    <height>512</height>
    <depth>3</depth>
  </size>
  <segmented>0</segmented>
  <object>
    <type>robndbox</type>
    <name>ship</name>
    <difficult>0</difficult>
    <robndbox>
      <cx>404.5544</cx>
      <cy>279.9172</cy>
      <h>24.72271156311035</h>
      <w>6.662711143493652</w>
      <angle>1.4640914513986918</angle>
    </robndbox>
  </object>
  <object>
    <type>robndbox</type>
    <name>ship</name>
    <difficult>0</difficult>
    <robndbox>
      <cx>342.0704</cx>
      <cy>128.615</cy>
      <h>24.1309871673584</h>
      <w>8.30810260772705</w>
      <angle>1.4240873097162845</angle>
    </robndbox>
  </object>
  <object>
    <type>robndbox</type>
    <name>ship</name>
    <difficult>0</difficult>
    <robndbox>
      <cx>357.119</cx>
      <cy>231.6455</cy>
      <h>20.97886085510254</h>
      <w>5.943309783935547</w>
      <angle>-0.15670905381380518</angle>
    </robndbox>
  </object>
  <object>
    <type>robndbox</type>
    <name>ship</name>
    <difficult>0</difficult>
    <robndbox>
      <cx>328.6566</cx>
      <cy>27.7399</cy>
      <h>14.06498908996582</h>
      <w>4.922348976135254</w>
      <angle>-0.16671321844868792</angle>
    </robndbox>
  </object>
</annotation>
