<annotation>
  <folder>RSDD-SAR</folder>
  <filename>104_10_39.xml</filename>
  <polarization>HV</polarization>
  <resolution>10</resolution>
  <size>
    <width>512</width>
    <height>512</height>
    <depth>3</depth>
  </size>
  <segmented>0</segmented>
  <object>
    <type>robndbox</type>
    <name>ship</name>
    <difficult>0</difficult>
    <robndbox>
      <cx>345.5204</cx>
      <cy>452.5</cy>
      <h>40.150421142578125</h>
      <w>13.782036781311035</w>
      <angle>-0.4214200756327382</angle>
    </robndbox>
  </object>
</annotation>
