<annotation>
  <folder>RSDD-SAR</folder>
  <filename>104_17_23.xml</filename>
  <polarization>HV</polarization>
  <resolution>10</resolution>
  <size>
    <width>512</width>
    <height>512</height>
    <depth>3</depth>
  </size>
  <segmented>0</segmented>
  <object>
    <type>robndbox</type>
    <name>ship</name>
    <difficult>0</difficult>
    <robndbox>
      <cx>162.3889</cx>
      <cy>167.9296</cy>
      <h>37.58439636230469</h>
      <w>9.409494400024414</w>
      <angle>0.19438446086001984</angle>
    </robndbox>
  </object>
</annotation>
