<annotation>
  <folder>RSDD-SAR</folder>
  <filename>104_6_19.xml</filename>
  <polarization>HV</polarization>
  <resolution>10</resolution>
  <size>
    <width>512</width>
    <height>512</height>
    <depth>3</depth>
  </size>
  <segmented>0</segmented>
  <object>
    <type>robndbox</type>
    <name>ship</name>
    <difficult>0</difficult>
    <robndbox>
      <cx>177.7881</cx>
      <cy>303.5414</cy>
      <h>42.95098876953125</h>
      <w>11.762401580810547</w>
      <angle>-0.8977727755963774</angle>
    </robndbox>
  </object>
</annotation>
