<annotation>
  <folder>RSDD-SAR</folder>
  <filename>104_7_19.xml</filename>
  <polarization>HV</polarization>
  <resolution>10</resolution>
  <size>
    <width>512</width>
    <height>512</height>
    <depth>3</depth>
  </size>
  <segmented>0</segmented>
  <object>
    <type>robndbox</type>
    <name>ship</name>
    <difficult>0</difficult>
    <robndbox>
      <cx>161.9887</cx>
      <cy>372.3011</cy>
      <h>46.187705993652344</h>
      <w>11.33858585357666</w>
      <angle>-1.171899703054908</angle>
    </robndbox>
  </object>
  <object>
    <type>robndbox</type>
    <name>ship</name>
    <difficult>0</difficult>
    <robndbox>
      <cx>272.6795</cx>
      <cy>16.5049</cy>
      <h>54.57021713256836</h>
      <w>9.734607696533203</w>
      <angle>0.4596937285283256</angle>
    </robndbox>
  </object>
</annotation>
