<annotation>
  <folder>RSDD-SAR</folder>
  <filename>104_28_26.xml</filename>
  <polarization>HV</polarization>
  <resolution>10</resolution>
  <size>
    <width>512</width>
    <height>512</height>
    <depth>3</depth>
  </size>
  <segmented>0</segmented>
  <object>
    <type>robndbox</type>
    <name>ship</name>
    <difficult>0</difficult>
    <robndbox>
      <cx>419.0745</cx>
      <cy>247.5</cy>
      <h>80.37442016601562</h>
      <w>13.672626495361328</w>
      <angle>1.142571874577006</angle>
    </robndbox>
  </object>
</annotation>
