<annotation>
  <folder>RSDD-SAR</folder>
  <filename>104_6_22.xml</filename>
  <polarization>HV</polarization>
  <resolution>10</resolution>
  <size>
    <width>512</width>
    <height>512</height>
    <depth>3</depth>
  </size>
  <segmented>0</segmented>
  <object>
    <type>robndbox</type>
    <name>ship</name>
    <difficult>0</difficult>
    <robndbox>
      <cx>200.8182</cx>
      <cy>115.0</cy>
      <h>59.705596923828125</h>
      <w>10.326805114746094</w>
      <angle>0.5785239430781476</angle>
    </robndbox>
  </object>
</annotation>
