<annotation>
  <folder>RSDD-SAR</folder>
  <filename>104_21_26.xml</filename>
  <polarization>HV</polarization>
  <resolution>10</resolution>
  <size>
    <width>512</width>
    <height>512</height>
    <depth>3</depth>
  </size>
  <segmented>0</segmented>
  <object>
    <type>robndbox</type>
    <name>ship</name>
    <difficult>0</difficult>
    <robndbox>
      <cx>279.4344</cx>
      <cy>274.4344</cy>
      <h>28.35857391357422</h>
      <w>7.860788345336914</w>
      <angle>-1.471129220763876</angle>
    </robndbox>
  </object>
  <object>
    <type>robndbox</type>
    <name>ship</name>
    <difficult>0</difficult>
    <robndbox>
      <cx>273.4672</cx>
      <cy>119.4672</cy>
      <h>41.09819793701172</h>
      <w>6.040292263031006</w>
      <angle>-0.024995364727047553</angle>
    </robndbox>
  </object>
  <object>
    <type>robndbox</type>
    <name>ship</name>
    <difficult>0</difficult>
    <robndbox>
      <cx>286.4322</cx>
      <cy>372.2135</cy>
      <h>22.3671875</h>
      <w>7.628984451293945</w>
      <angle>-1.1249960433574053</angle>
    </robndbox>
  </object>
  <object>
    <type>robndbox</type>
    <name>ship</name>
    <difficult>0</difficult>
    <robndbox>
      <cx>361.5731</cx>
      <cy>473.9755</cy>
      <h>24.17229652404785</h>
      <w>8.511469841003418</w>
      <angle>1.55659741712703</angle>
    </robndbox>
  </object>
  <object>
    <type>robndbox</type>
    <name>ship</name>
    <difficult>0</difficult>
    <robndbox>
      <cx>328.3078</cx>
      <cy>431.2173</cy>
      <h>25.777503967285156</h>
      <w>7.437010288238525</w>
      <angle>-0.5749962533192013</angle>
    </robndbox>
  </object>
</annotation>
