<annotation>
  <folder>RSDD-SAR</folder>
  <filename>104_3_25.xml</filename>
  <polarization>HV</polarization>
  <resolution>10</resolution>
  <size>
    <width>512</width>
    <height>512</height>
    <depth>3</depth>
  </size>
  <segmented>0</segmented>
  <object>
    <type>robndbox</type>
    <name>ship</name>
    <difficult>0</difficult>
    <robndbox>
      <cx>66.0061</cx>
      <cy>264.701</cy>
      <h>36.971614837646484</h>
      <w>6.992101669311523</w>
      <angle>-1.5233012039864224</angle>
    </robndbox>
  </object>
</annotation>
