<annotation>
  <folder>RSDD-SAR</folder>
  <filename>104_9_22.xml</filename>
  <polarization>HV</polarization>
  <resolution>10</resolution>
  <size>
    <width>512</width>
    <height>512</height>
    <depth>3</depth>
  </size>
  <segmented>0</segmented>
  <object>
    <type>robndbox</type>
    <name>ship</name>
    <difficult>0</difficult>
    <robndbox>
      <cx>137.7207</cx>
      <cy>309.8749</cy>
      <h>48.24477767944336</h>
      <w>9.623320579528809</w>
      <angle>-0.5591457177222952</angle>
    </robndbox>
  </object>
</annotation>
