<annotation>
  <folder>RSDD-SAR</folder>
  <filename>104_10_22.xml</filename>
  <polarization>HV</polarization>
  <resolution>10</resolution>
  <size>
    <width>512</width>
    <height>512</height>
    <depth>3</depth>
  </size>
  <segmented>0</segmented>
  <object>
    <type>robndbox</type>
    <name>ship</name>
    <difficult>0</difficult>
    <robndbox>
      <cx>467.067</cx>
      <cy>143.9978</cy>
      <h>35.96943664550781</h>
      <w>10.36151123046875</w>
      <angle>-1.0426762360349429</angle>
    </robndbox>
  </object>
  <object>
    <type>robndbox</type>
    <name>ship</name>
    <difficult>0</difficult>
    <robndbox>
      <cx>15.8751</cx>
      <cy>417.3375</cy>
      <h>37.421302795410156</h>
      <w>10.058694839477539</w>
      <angle>-0.8926763507973199</angle>
    </robndbox>
  </object>
</annotation>
