<annotation>
  <folder>RSDD-SAR</folder>
  <filename>104_5_14.xml</filename>
  <polarization>HV</polarization>
  <resolution>10</resolution>
  <size>
    <width>512</width>
    <height>512</height>
    <depth>3</depth>
  </size>
  <segmented>0</segmented>
  <object>
    <type>robndbox</type>
    <name>ship</name>
    <difficult>0</difficult>
    <robndbox>
      <cx>80.0</cx>
      <cy>62.0</cy>
      <h>46.9431037902832</h>
      <w>10.408994674682617</w>
      <angle>-0.513647408132027</angle>
    </robndbox>
  </object>
</annotation>
