<annotation>
  <folder>RSDD-SAR</folder>
  <filename>104_4_13.xml</filename>
  <polarization>HV</polarization>
  <resolution>10</resolution>
  <size>
    <width>512</width>
    <height>512</height>
    <depth>3</depth>
  </size>
  <segmented>0</segmented>
  <object>
    <type>robndbox</type>
    <name>ship</name>
    <difficult>0</difficult>
    <robndbox>
      <cx>359.185</cx>
      <cy>70.0213</cy>
      <h>56.26546859741211</h>
      <w>10.163107872009277</w>
      <angle>-0.18189936193264655</angle>
    </robndbox>
  </object>
</annotation>
