<annotation>
  <folder>RSDD-SAR</folder>
  <filename>104_9_23.xml</filename>
  <polarization>HV</polarization>
  <resolution>10</resolution>
  <size>
    <width>512</width>
    <height>512</height>
    <depth>3</depth>
  </size>
  <segmented>0</segmented>
  <object>
    <type>robndbox</type>
    <name>ship</name>
    <difficult>0</difficult>
    <robndbox>
      <cx>174.0977</cx>
      <cy>245.8649</cy>
      <h>34.458011627197266</h>
      <w>11.726500511169434</w>
      <angle>-1.4043090109856748</angle>
    </robndbox>
  </object>
</annotation>
