<annotation>
  <folder>RSDD-SAR</folder>
  <filename>104_9_25.xml</filename>
  <polarization>HV</polarization>
  <resolution>10</resolution>
  <size>
    <width>512</width>
    <height>512</height>
    <depth>3</depth>
  </size>
  <segmented>0</segmented>
  <object>
    <type>robndbox</type>
    <name>ship</name>
    <difficult>0</difficult>
    <robndbox>
      <cx>122.4073</cx>
      <cy>224.4046</cy>
      <h>38.36071014404297</h>
      <w>8.457697868347168</w>
      <angle>-1.4806880299630918</angle>
    </robndbox>
  </object>
</annotation>
