<annotation>
  <folder>RSDD-SAR</folder>
  <filename>104_0_18.xml</filename>
  <polarization>HV</polarization>
  <resolution>10</resolution>
  <size>
    <width>512</width>
    <height>512</height>
    <depth>3</depth>
  </size>
  <segmented>0</segmented>
  <object>
    <type>robndbox</type>
    <name>ship</name>
    <difficult>0</difficult>
    <robndbox>
      <cx>340.4613</cx>
      <cy>487.6854</cy>
      <h>31.451793670654297</h>
      <w>9.040616035461426</w>
      <angle>0.8341533858428287</angle>
    </robndbox>
  </object>
</annotation>
