<annotation>
  <folder>RSDD-SAR</folder>
  <filename>104_16_22.xml</filename>
  <polarization>HV</polarization>
  <resolution>10</resolution>
  <size>
    <width>512</width>
    <height>512</height>
    <depth>3</depth>
  </size>
  <segmented>0</segmented>
  <object>
    <type>robndbox</type>
    <name>ship</name>
    <difficult>0</difficult>
    <robndbox>
      <cx>109.3316</cx>
      <cy>71.1629</cy>
      <h>33.730804443359375</h>
      <w>10.76880168914795</w>
      <angle>1.436440915064835</angle>
    </robndbox>
  </object>
  <object>
    <type>robndbox</type>
    <name>ship</name>
    <difficult>0</difficult>
    <robndbox>
      <cx>126.1249</cx>
      <cy>322.0213</cy>
      <h>28.14983558654785</h>
      <w>7.556715488433838</w>
      <angle>1.5464411859939038</angle>
    </robndbox>
  </object>
  <object>
    <type>robndbox</type>
    <name>ship</name>
    <difficult>0</difficult>
    <robndbox>
      <cx>264.319</cx>
      <cy>322.8963</cy>
      <h>29.288475036621094</h>
      <w>8.848979949951172</w>
      <angle>1.4664416910606866</angle>
    </robndbox>
  </object>
</annotation>
