<annotation>
  <folder>RSDD-SAR</folder>
  <filename>104_8_23.xml</filename>
  <polarization>HV</polarization>
  <resolution>10</resolution>
  <size>
    <width>512</width>
    <height>512</height>
    <depth>3</depth>
  </size>
  <segmented>0</segmented>
  <object>
    <type>robndbox</type>
    <name>ship</name>
    <difficult>0</difficult>
    <robndbox>
      <cx>349.1314</cx>
      <cy>455.4146</cy>
      <h>41.23859405517578</h>
      <w>11.571023941040039</w>
      <angle>-1.2978171052528922</angle>
    </robndbox>
  </object>
</annotation>
