<annotation>
  <folder>RSDD-SAR</folder>
  <filename>104_11_17.xml</filename>
  <polarization>HV</polarization>
  <resolution>10</resolution>
  <size>
    <width>512</width>
    <height>512</height>
    <depth>3</depth>
  </size>
  <segmented>0</segmented>
  <object>
    <type>robndbox</type>
    <name>ship</name>
    <difficult>0</difficult>
    <robndbox>
      <cx>311.7503</cx>
      <cy>342.7932</cy>
      <h>34.11087417602539</h>
      <w>8.788887023925781</w>
      <angle>-0.1337956152689268</angle>
    </robndbox>
  </object>
</annotation>
