<annotation>
  <folder>RSDD-SAR</folder>
  <filename>104_23_5.xml</filename>
  <polarization>HV</polarization>
  <resolution>10</resolution>
  <size>
    <width>512</width>
    <height>512</height>
    <depth>3</depth>
  </size>
  <segmented>0</segmented>
  <object>
    <type>robndbox</type>
    <name>ship</name>
    <difficult>0</difficult>
    <robndbox>
      <cx>441.2573</cx>
      <cy>174.8845</cy>
      <h>17.919042587280273</h>
      <w>4.990602970123291</w>
      <angle>0.06995841222772338</angle>
    </robndbox>
  </object>
</annotation>
