<annotation>
  <folder>RSDD-SAR</folder>
  <filename>104_9_14.xml</filename>
  <polarization>HV</polarization>
  <resolution>10</resolution>
  <size>
    <width>512</width>
    <height>512</height>
    <depth>3</depth>
  </size>
  <segmented>0</segmented>
  <object>
    <type>robndbox</type>
    <name>ship</name>
    <difficult>0</difficult>
    <robndbox>
      <cx>150.0927</cx>
      <cy>67.032</cy>
      <h>32.216495513916016</h>
      <w>7.536098480224609</w>
      <angle>-0.9102751184918089</angle>
    </robndbox>
  </object>
</annotation>
