<annotation>
  <folder>RSDD-SAR</folder>
  <filename>104_16_36.xml</filename>
  <polarization>HV</polarization>
  <resolution>10</resolution>
  <size>
    <width>512</width>
    <height>512</height>
    <depth>3</depth>
  </size>
  <segmented>0</segmented>
  <object>
    <type>robndbox</type>
    <name>ship</name>
    <difficult>0</difficult>
    <robndbox>
      <cx>40.1064</cx>
      <cy>51.0864</cy>
      <h>38.003692626953125</h>
      <w>9.016304016113281</w>
      <angle>0.6786259766046917</angle>
    </robndbox>
  </object>
  <object>
    <type>robndbox</type>
    <name>ship</name>
    <difficult>0</difficult>
    <robndbox>
      <cx>490.1018</cx>
      <cy>177.3536</cy>
      <h>44.201080322265625</h>
      <w>10.907792091369629</w>
      <angle>0.7286233639615123</angle>
    </robndbox>
  </object>
  <object>
    <type>robndbox</type>
    <name>ship</name>
    <difficult>0</difficult>
    <robndbox>
      <cx>476.7264</cx>
      <cy>187.1975</cy>
      <h>46.485130310058594</h>
      <w>8.754716873168945</w>
      <angle>0.7086261533892981</angle>
    </robndbox>
  </object>
  <object>
    <type>robndbox</type>
    <name>ship</name>
    <difficult>0</difficult>
    <robndbox>
      <cx>431.1394</cx>
      <cy>143.5657</cy>
      <h>43.899600982666016</h>
      <w>10.855217933654785</w>
      <angle>0.7286260271226024</angle>
    </robndbox>
  </object>
  <object>
    <type>robndbox</type>
    <name>ship</name>
    <difficult>0</difficult>
    <robndbox>
      <cx>386.9841</cx>
      <cy>99.1677</cy>
      <h>48.95428466796875</h>
      <w>11.287090301513672</w>
      <angle>0.7486260340139612</angle>
    </robndbox>
  </object>
  <object>
    <type>robndbox</type>
    <name>ship</name>
    <difficult>0</difficult>
    <robndbox>
      <cx>402.1909</cx>
      <cy>91.8192</cy>
      <h>50.85740661621094</h>
      <w>10.573396682739258</w>
      <angle>0.7486257676978522</angle>
    </robndbox>
  </object>
  <object>
    <type>robndbox</type>
    <name>ship</name>
    <difficult>0</difficult>
    <robndbox>
      <cx>325.1388</cx>
      <cy>206.4109</cy>
      <h>55.5699348449707</h>
      <w>12.769895553588867</w>
      <angle>0.7486256345397976</angle>
    </robndbox>
  </object>
  <object>
    <type>robndbox</type>
    <name>ship</name>
    <difficult>0</difficult>
    <robndbox>
      <cx>389.2806</cx>
      <cy>328.7381</cy>
      <h>45.554630279541016</h>
      <w>8.440014839172363</w>
      <angle>0.7486261005929884</angle>
    </robndbox>
  </object>
  <object>
    <type>robndbox</type>
    <name>ship</name>
    <difficult>0</difficult>
    <robndbox>
      <cx>301.1204</cx>
      <cy>242.9798</cy>
      <h>52.00749969482422</h>
      <w>9.50120735168457</w>
      <angle>0.7386261970158499</angle>
    </robndbox>
  </object>
  <object>
    <type>robndbox</type>
    <name>ship</name>
    <difficult>0</difficult>
    <robndbox>
      <cx>349.7189</cx>
      <cy>289.082</cy>
      <h>44.172576904296875</h>
      <w>9.917591094970703</w>
      <angle>0.7386258641207136</angle>
    </robndbox>
  </object>
  <object>
    <type>robndbox</type>
    <name>ship</name>
    <difficult>0</difficult>
    <robndbox>
      <cx>484.5745</cx>
      <cy>282.8573</cy>
      <h>40.57707977294922</h>
      <w>8.184083938598633</w>
      <angle>-0.5513745470824165</angle>
    </robndbox>
  </object>
  <object>
    <type>robndbox</type>
    <name>ship</name>
    <difficult>0</difficult>
    <robndbox>
      <cx>419.033</cx>
      <cy>300.3401</cy>
      <h>38.135494232177734</h>
      <w>9.526969909667969</w>
      <angle>0.7386266630690407</angle>
    </robndbox>
  </object>
  <object>
    <type>robndbox</type>
    <name>ship</name>
    <difficult>0</difficult>
    <robndbox>
      <cx>373.7061</cx>
      <cy>256.0881</cy>
      <h>46.270503997802734</h>
      <w>9.91197395324707</w>
      <angle>0.7386261304368227</angle>
    </robndbox>
  </object>
</annotation>
