<annotation>
  <folder>RSDD-SAR</folder>
  <filename>105_39_33.xml</filename>
  <polarization>HH</polarization>
  <resolution>10</resolution>
  <size>
    <width>512</width>
    <height>512</height>
    <depth>3</depth>
  </size>
  <segmented>0</segmented>
  <object>
    <type>robndbox</type>
    <name>ship</name>
    <difficult>0</difficult>
    <robndbox>
      <cx>358.0839</cx>
      <cy>92.9388</cy>
      <h>76.02118682861328</h>
      <w>16.383777618408203</w>
      <angle>1.0184942672838326</angle>
    </robndbox>
  </object>
</annotation>
