<annotation>
  <folder>RSDD-SAR</folder>
  <filename>105_38_32.xml</filename>
  <polarization>HH</polarization>
  <resolution>10</resolution>
  <size>
    <width>512</width>
    <height>512</height>
    <depth>3</depth>
  </size>
  <segmented>0</segmented>
  <object>
    <type>robndbox</type>
    <name>ship</name>
    <difficult>0</difficult>
    <robndbox>
      <cx>177.1462</cx>
      <cy>418.0488</cy>
      <h>70.69969177246094</h>
      <w>15.550592422485352</w>
      <angle>-1.4441531466208386</angle>
    </robndbox>
  </object>
</annotation>
