<annotation>
  <folder>RSDD-SAR</folder>
  <filename>105_18_28.xml</filename>
  <polarization>HH</polarization>
  <resolution>10</resolution>
  <size>
    <width>512</width>
    <height>512</height>
    <depth>3</depth>
  </size>
  <segmented>0</segmented>
  <object>
    <type>robndbox</type>
    <name>ship</name>
    <difficult>0</difficult>
    <robndbox>
      <cx>243.9442</cx>
      <cy>254.1999</cy>
      <h>31.02238655090332</h>
      <w>7.24429178237915</w>
      <angle>-0.09314112964832222</angle>
    </robndbox>
  </object>
</annotation>
