<annotation>
  <folder>RSDD-SAR</folder>
  <filename>105_39_20.xml</filename>
  <polarization>HH</polarization>
  <resolution>10</resolution>
  <size>
    <width>512</width>
    <height>512</height>
    <depth>3</depth>
  </size>
  <segmented>0</segmented>
  <object>
    <type>robndbox</type>
    <name>ship</name>
    <difficult>0</difficult>
    <robndbox>
      <cx>387.3818</cx>
      <cy>502.1251</cy>
      <h>21.90645980834961</h>
      <w>7.506670951843262</w>
      <angle>-0.14554454989197496</angle>
    </robndbox>
  </object>
</annotation>
