<annotation>
  <folder>RSDD-SAR</folder>
  <filename>105_42_17.xml</filename>
  <polarization>HH</polarization>
  <resolution>10</resolution>
  <size>
    <width>512</width>
    <height>512</height>
    <depth>3</depth>
  </size>
  <segmented>0</segmented>
  <object>
    <type>robndbox</type>
    <name>ship</name>
    <difficult>0</difficult>
    <robndbox>
      <cx>312.775</cx>
      <cy>111.7338</cy>
      <h>39.98738479614258</h>
      <w>7.796296119689941</w>
      <angle>-0.16435552193564074</angle>
    </robndbox>
  </object>
</annotation>
