<annotation>
  <folder>RSDD-SAR</folder>
  <filename>105_10_41.xml</filename>
  <polarization>HH</polarization>
  <resolution>10</resolution>
  <size>
    <width>512</width>
    <height>512</height>
    <depth>3</depth>
  </size>
  <segmented>0</segmented>
  <object>
    <type>robndbox</type>
    <name>ship</name>
    <difficult>0</difficult>
    <robndbox>
      <cx>138.6486</cx>
      <cy>414.1143</cy>
      <h>40.63671112060547</h>
      <w>14.559898376464844</w>
      <angle>-0.5832789506254568</angle>
    </robndbox>
  </object>
</annotation>
