<annotation>
  <folder>RSDD-SAR</folder>
  <filename>105_42_5.xml</filename>
  <polarization>HH</polarization>
  <resolution>10</resolution>
  <size>
    <width>512</width>
    <height>512</height>
    <depth>3</depth>
  </size>
  <segmented>0</segmented>
  <object>
    <type>robndbox</type>
    <name>ship</name>
    <difficult>0</difficult>
    <robndbox>
      <cx>141.3311</cx>
      <cy>155.2801</cy>
      <h>59.70869827270508</h>
      <w>11.64111328125</w>
      <angle>-0.5372874236013061</angle>
    </robndbox>
  </object>
</annotation>
