<annotation>
  <folder>RSDD-SAR</folder>
  <filename>105_42_33.xml</filename>
  <polarization>HH</polarization>
  <resolution>10</resolution>
  <size>
    <width>512</width>
    <height>512</height>
    <depth>3</depth>
  </size>
  <segmented>0</segmented>
  <object>
    <type>robndbox</type>
    <name>ship</name>
    <difficult>0</difficult>
    <robndbox>
      <cx>99.2652</cx>
      <cy>53.8277</cy>
      <h>31.58549690246582</h>
      <w>8.60410213470459</w>
      <angle>-0.3636201589142034</angle>
    </robndbox>
  </object>
  <object>
    <type>robndbox</type>
    <name>ship</name>
    <difficult>0</difficult>
    <robndbox>
      <cx>388.7285</cx>
      <cy>402.4447</cy>
      <h>14.09650707244873</h>
      <w>4.739483833312988</w>
      <angle>-0.11362230316963107</angle>
    </robndbox>
  </object>
</annotation>
