<annotation>
  <folder>RSDD-SAR</folder>
  <filename>105_13_62.xml</filename>
  <polarization>HH</polarization>
  <resolution>10</resolution>
  <size>
    <width>512</width>
    <height>512</height>
    <depth>3</depth>
  </size>
  <segmented>0</segmented>
  <object>
    <type>robndbox</type>
    <name>ship</name>
    <difficult>0</difficult>
    <robndbox>
      <cx>382.3995</cx>
      <cy>345.3869</cy>
      <h>45.106510162353516</h>
      <w>9.77267837524414</w>
      <angle>-0.1586000313458158</angle>
    </robndbox>
  </object>
</annotation>
