<annotation>
  <folder>RSDD-SAR</folder>
  <filename>105_12_46.xml</filename>
  <polarization>HH</polarization>
  <resolution>10</resolution>
  <size>
    <width>512</width>
    <height>512</height>
    <depth>3</depth>
  </size>
  <segmented>0</segmented>
  <object>
    <type>robndbox</type>
    <name>ship</name>
    <difficult>0</difficult>
    <robndbox>
      <cx>310.7002</cx>
      <cy>55.3512</cy>
      <h>32.078094482421875</h>
      <w>8.42300033569336</w>
      <angle>-0.19076222888237582</angle>
    </robndbox>
  </object>
</annotation>
