<annotation>
  <folder>RSDD-SAR</folder>
  <filename>105_40_25.xml</filename>
  <polarization>HH</polarization>
  <resolution>10</resolution>
  <size>
    <width>512</width>
    <height>512</height>
    <depth>3</depth>
  </size>
  <segmented>0</segmented>
  <object>
    <type>robndbox</type>
    <name>ship</name>
    <difficult>0</difficult>
    <robndbox>
      <cx>358.139</cx>
      <cy>398.5517</cy>
      <h>89.53591918945312</h>
      <w>14.553897857666016</w>
      <angle>-0.2664564575973709</angle>
    </robndbox>
  </object>
  <object>
    <type>robndbox</type>
    <name>ship</name>
    <difficult>0</difficult>
    <robndbox>
      <cx>333.124</cx>
      <cy>76.7319</cy>
      <h>89.53076934814453</h>
      <w>12.727210998535156</w>
      <angle>-0.2064581013989757</angle>
    </robndbox>
  </object>
</annotation>
