<annotation>
  <folder>RSDD-SAR</folder>
  <filename>105_42_18.xml</filename>
  <polarization>HH</polarization>
  <resolution>10</resolution>
  <size>
    <width>512</width>
    <height>512</height>
    <depth>3</depth>
  </size>
  <segmented>0</segmented>
  <object>
    <type>robndbox</type>
    <name>ship</name>
    <difficult>0</difficult>
    <robndbox>
      <cx>381.5742</cx>
      <cy>401.6608</cy>
      <h>52.66366195678711</h>
      <w>11.576787948608398</w>
      <angle>-0.19889059600346126</angle>
    </robndbox>
  </object>
  <object>
    <type>robndbox</type>
    <name>ship</name>
    <difficult>0</difficult>
    <robndbox>
      <cx>76.625</cx>
      <cy>442.0335</cy>
      <h>31.852705001831055</h>
      <w>9.503684997558594</w>
      <angle>-0.3049790827653671</angle>
    </robndbox>
  </object>
  <object>
    <type>robndbox</type>
    <name>ship</name>
    <difficult>0</difficult>
    <robndbox>
      <cx>200.571</cx>
      <cy>197.2885</cy>
      <h>72.19730377197266</h>
      <w>12.959179878234863</w>
      <angle>0.19110950508852215</angle>
    </robndbox>
  </object>
</annotation>
