<annotation>
  <folder>RSDD-SAR</folder>
  <filename>105_22_3.xml</filename>
  <polarization>HH</polarization>
  <resolution>10</resolution>
  <size>
    <width>512</width>
    <height>512</height>
    <depth>3</depth>
  </size>
  <segmented>0</segmented>
  <object>
    <type>robndbox</type>
    <name>ship</name>
    <difficult>0</difficult>
    <robndbox>
      <cx>349.6216</cx>
      <cy>138.8919</cy>
      <h>70.05872344970703</h>
      <w>10.773395538330078</w>
      <angle>-0.09306349850254647</angle>
    </robndbox>
  </object>
  <object>
    <type>robndbox</type>
    <name>ship</name>
    <difficult>0</difficult>
    <robndbox>
      <cx>70.6042</cx>
      <cy>451.1586</cy>
      <h>57.913394927978516</h>
      <w>11.500393867492676</w>
      <angle>-0.1630629567005708</angle>
    </robndbox>
  </object>
</annotation>
