<annotation>
  <folder>RSDD-SAR</folder>
  <filename>105_25_7.xml</filename>
  <polarization>HH</polarization>
  <resolution>10</resolution>
  <size>
    <width>512</width>
    <height>512</height>
    <depth>3</depth>
  </size>
  <segmented>0</segmented>
  <object>
    <type>robndbox</type>
    <name>ship</name>
    <difficult>0</difficult>
    <robndbox>
      <cx>85.1042</cx>
      <cy>63.2653</cy>
      <h>62.90058517456055</h>
      <w>11.617995262145996</w>
      <angle>-0.07875513291387781</angle>
    </robndbox>
  </object>
</annotation>
