<annotation>
  <folder>RSDD-SAR</folder>
  <filename>105_42_22.xml</filename>
  <polarization>HH</polarization>
  <resolution>10</resolution>
  <size>
    <width>512</width>
    <height>512</height>
    <depth>3</depth>
  </size>
  <segmented>0</segmented>
  <object>
    <type>robndbox</type>
    <name>ship</name>
    <difficult>0</difficult>
    <robndbox>
      <cx>458.6856</cx>
      <cy>417.7861</cy>
      <h>98.78126525878906</h>
      <w>10.819304466247559</w>
      <angle>-0.11339753237362848</angle>
    </robndbox>
  </object>
  <object>
    <type>robndbox</type>
    <name>ship</name>
    <difficult>0</difficult>
    <robndbox>
      <cx>329.6209</cx>
      <cy>431.9419</cy>
      <h>96.618408203125</h>
      <w>11.086224555969238</w>
      <angle>-0.11272135577285725</angle>
    </robndbox>
  </object>
  <object>
    <type>robndbox</type>
    <name>ship</name>
    <difficult>0</difficult>
    <robndbox>
      <cx>201.7702</cx>
      <cy>446.1117</cy>
      <h>89.75872039794922</h>
      <w>10.028783798217773</w>
      <angle>-0.11189750688964151</angle>
    </robndbox>
  </object>
  <object>
    <type>robndbox</type>
    <name>ship</name>
    <difficult>0</difficult>
    <robndbox>
      <cx>85.4882</cx>
      <cy>470.1836</cy>
      <h>85.31419372558594</h>
      <w>9.483129501342773</w>
      <angle>-0.28189759875570486</angle>
    </robndbox>
  </object>
</annotation>
