<annotation>
  <folder>RSDD-SAR</folder>
  <filename>105_35_43.xml</filename>
  <polarization>HH</polarization>
  <resolution>10</resolution>
  <size>
    <width>512</width>
    <height>512</height>
    <depth>3</depth>
  </size>
  <segmented>0</segmented>
  <object>
    <type>robndbox</type>
    <name>ship</name>
    <difficult>0</difficult>
    <robndbox>
      <cx>297.4949</cx>
      <cy>218.6311</cy>
      <h>58.05107498168945</h>
      <w>9.266148567199707</w>
      <angle>-0.21179307885267717</angle>
    </robndbox>
  </object>
</annotation>
