<annotation>
  <folder>RSDD-SAR</folder>
  <filename>105_14_27.xml</filename>
  <polarization>HH</polarization>
  <resolution>10</resolution>
  <size>
    <width>512</width>
    <height>512</height>
    <depth>3</depth>
  </size>
  <segmented>0</segmented>
  <object>
    <type>robndbox</type>
    <name>ship</name>
    <difficult>0</difficult>
    <robndbox>
      <cx>117.0</cx>
      <cy>279.0</cy>
      <h>35.09280014038086</h>
      <w>8.276092529296875</w>
      <angle>-0.10769024499953406</angle>
    </robndbox>
  </object>
</annotation>
