<annotation>
  <folder>RSDD-SAR</folder>
  <filename>105_38_30.xml</filename>
  <polarization>HH</polarization>
  <resolution>10</resolution>
  <size>
    <width>512</width>
    <height>512</height>
    <depth>3</depth>
  </size>
  <segmented>0</segmented>
  <object>
    <type>robndbox</type>
    <name>ship</name>
    <difficult>0</difficult>
    <robndbox>
      <cx>461.7114</cx>
      <cy>432.2195</cy>
      <h>56.929420471191406</h>
      <w>12.415888786315918</w>
      <angle>-0.49310265163969236</angle>
    </robndbox>
  </object>
</annotation>
