<annotation>
  <folder>RSDD-SAR</folder>
  <filename>105_40_31.xml</filename>
  <polarization>HH</polarization>
  <resolution>10</resolution>
  <size>
    <width>512</width>
    <height>512</height>
    <depth>3</depth>
  </size>
  <segmented>0</segmented>
  <object>
    <type>robndbox</type>
    <name>ship</name>
    <difficult>0</difficult>
    <robndbox>
      <cx>141.2686</cx>
      <cy>400.9695</cy>
      <h>53.257808685302734</h>
      <w>9.839780807495117</w>
      <angle>-0.48141883130529695</angle>
    </robndbox>
  </object>
</annotation>
