<annotation>
  <folder>RSDD-SAR</folder>
  <filename>105_30_24.xml</filename>
  <polarization>HH</polarization>
  <resolution>10</resolution>
  <size>
    <width>512</width>
    <height>512</height>
    <depth>3</depth>
  </size>
  <segmented>0</segmented>
  <object>
    <type>robndbox</type>
    <name>ship</name>
    <difficult>0</difficult>
    <robndbox>
      <cx>117.968</cx>
      <cy>50.6385</cy>
      <h>29.862895965576172</h>
      <w>6.362804889678955</w>
      <angle>-0.7310436447601764</angle>
    </robndbox>
  </object>
</annotation>
