<annotation>
  <folder>RSDD-SAR</folder>
  <filename>105_44_1.xml</filename>
  <polarization>HH</polarization>
  <resolution>10</resolution>
  <size>
    <width>512</width>
    <height>512</height>
    <depth>3</depth>
  </size>
  <segmented>0</segmented>
  <object>
    <type>robndbox</type>
    <name>ship</name>
    <difficult>0</difficult>
    <robndbox>
      <cx>89.536</cx>
      <cy>204.597</cy>
      <h>60.30479049682617</h>
      <w>11.699502944946289</w>
      <angle>-0.835398213915359</angle>
    </robndbox>
  </object>
</annotation>
