<annotation>
  <folder>RSDD-SAR</folder>
  <filename>105_15_0.xml</filename>
  <polarization>HH</polarization>
  <resolution>10</resolution>
  <size>
    <width>512</width>
    <height>512</height>
    <depth>3</depth>
  </size>
  <segmented>0</segmented>
  <object>
    <type>robndbox</type>
    <name>ship</name>
    <difficult>0</difficult>
    <robndbox>
      <cx>422.6998</cx>
      <cy>446.06</cy>
      <h>34.29631423950195</h>
      <w>9.242609024047852</w>
      <angle>-0.3017719710226392</angle>
    </robndbox>
  </object>
</annotation>
