<annotation>
  <folder>RSDD-SAR</folder>
  <filename>105_3_46.xml</filename>
  <polarization>HH</polarization>
  <resolution>10</resolution>
  <size>
    <width>512</width>
    <height>512</height>
    <depth>3</depth>
  </size>
  <segmented>0</segmented>
  <object>
    <type>robndbox</type>
    <name>ship</name>
    <difficult>0</difficult>
    <robndbox>
      <cx>474.2432</cx>
      <cy>451.2838</cy>
      <h>30.964916229248047</h>
      <w>11.754813194274902</w>
      <angle>1.4294431929845428</angle>
    </robndbox>
  </object>
  <object>
    <type>robndbox</type>
    <name>ship</name>
    <difficult>0</difficult>
    <robndbox>
      <cx>205.7988</cx>
      <cy>448.9911</cy>
      <h>35.60301208496094</h>
      <w>10.187417030334473</w>
      <angle>-0.6205563482467591</angle>
    </robndbox>
  </object>
  <object>
    <type>robndbox</type>
    <name>ship</name>
    <difficult>0</difficult>
    <robndbox>
      <cx>236.3472</cx>
      <cy>237.2623</cy>
      <h>33.70970153808594</h>
      <w>8.358887672424316</w>
      <angle>0.6494441226440395</angle>
    </robndbox>
  </object>
</annotation>
