<annotation>
  <folder>RSDD-SAR</folder>
  <filename>105_44_36.xml</filename>
  <polarization>HH</polarization>
  <resolution>10</resolution>
  <size>
    <width>512</width>
    <height>512</height>
    <depth>3</depth>
  </size>
  <segmented>0</segmented>
  <object>
    <type>robndbox</type>
    <name>ship</name>
    <difficult>0</difficult>
    <robndbox>
      <cx>361.5</cx>
      <cy>363.0</cy>
      <h>20.25428009033203</h>
      <w>6.226141929626465</w>
      <angle>1.5323496017179676</angle>
    </robndbox>
  </object>
  <object>
    <type>robndbox</type>
    <name>ship</name>
    <difficult>0</difficult>
    <robndbox>
      <cx>359.5</cx>
      <cy>361.0</cy>
      <h>20.25428009033203</h>
      <w>6.226141929626465</w>
      <angle>1.5323496017179676</angle>
    </robndbox>
  </object>
  <object>
    <type>robndbox</type>
    <name>ship</name>
    <difficult>0</difficult>
    <robndbox>
      <cx>296.0</cx>
      <cy>68.5</cy>
      <h>12.887101173400879</h>
      <w>6.23867130279541</w>
      <angle>1.5523527378236073</angle>
    </robndbox>
  </object>
  <object>
    <type>robndbox</type>
    <name>ship</name>
    <difficult>0</difficult>
    <robndbox>
      <cx>154.0929</cx>
      <cy>193.5034</cy>
      <h>20.956981658935547</h>
      <w>5.991302013397217</w>
      <angle>1.5623546387715634</angle>
    </robndbox>
  </object>
</annotation>
