<annotation>
  <folder>RSDD-SAR</folder>
  <filename>105_32_15.xml</filename>
  <polarization>HH</polarization>
  <resolution>10</resolution>
  <size>
    <width>512</width>
    <height>512</height>
    <depth>3</depth>
  </size>
  <segmented>0</segmented>
  <object>
    <type>robndbox</type>
    <name>ship</name>
    <difficult>0</difficult>
    <robndbox>
      <cx>391.898</cx>
      <cy>210.0</cy>
      <h>62.34967803955078</h>
      <w>12.186592102050781</w>
      <angle>-0.6848335387895573</angle>
    </robndbox>
  </object>
</annotation>
