<annotation>
  <folder>RSDD-SAR</folder>
  <filename>105_14_29.xml</filename>
  <polarization>HH</polarization>
  <resolution>10</resolution>
  <size>
    <width>512</width>
    <height>512</height>
    <depth>3</depth>
  </size>
  <segmented>0</segmented>
  <object>
    <type>robndbox</type>
    <name>ship</name>
    <difficult>0</difficult>
    <robndbox>
      <cx>39.949</cx>
      <cy>366.5</cy>
      <h>36.05450439453125</h>
      <w>8.610803604125977</w>
      <angle>-0.1821684743607992</angle>
    </robndbox>
  </object>
</annotation>
