<annotation>
  <folder>RSDD-SAR</folder>
  <filename>105_39_61.xml</filename>
  <polarization>HH</polarization>
  <resolution>10</resolution>
  <size>
    <width>512</width>
    <height>512</height>
    <depth>3</depth>
  </size>
  <segmented>0</segmented>
  <object>
    <type>robndbox</type>
    <name>ship</name>
    <difficult>0</difficult>
    <robndbox>
      <cx>63.3637</cx>
      <cy>130.3819</cy>
      <h>60.58989715576172</h>
      <w>15.356498718261719</w>
      <angle>1.1553021840617481</angle>
    </robndbox>
  </object>
</annotation>
