<annotation>
  <folder>RSDD-SAR</folder>
  <filename>105_35_23.xml</filename>
  <polarization>HH</polarization>
  <resolution>10</resolution>
  <size>
    <width>512</width>
    <height>512</height>
    <depth>3</depth>
  </size>
  <segmented>0</segmented>
  <object>
    <type>robndbox</type>
    <name>ship</name>
    <difficult>0</difficult>
    <robndbox>
      <cx>496.5</cx>
      <cy>29.0468</cy>
      <h>55.38011169433594</h>
      <w>14.88081169128418</w>
      <angle>-1.4583688924602214</angle>
    </robndbox>
  </object>
</annotation>
