<annotation>
  <folder>RSDD-SAR</folder>
  <filename>105_15_55.xml</filename>
  <polarization>HH</polarization>
  <resolution>10</resolution>
  <size>
    <width>512</width>
    <height>512</height>
    <depth>3</depth>
  </size>
  <segmented>0</segmented>
  <object>
    <type>robndbox</type>
    <name>ship</name>
    <difficult>0</difficult>
    <robndbox>
      <cx>195.6125</cx>
      <cy>35.7142</cy>
      <h>59.7405891418457</h>
      <w>11.180205345153809</w>
      <angle>-0.16560241395801567</angle>
    </robndbox>
  </object>
</annotation>
