<annotation>
  <folder>RSDD-SAR</folder>
  <filename>105_37_60.xml</filename>
  <polarization>HH</polarization>
  <resolution>10</resolution>
  <size>
    <width>512</width>
    <height>512</height>
    <depth>3</depth>
  </size>
  <segmented>0</segmented>
  <object>
    <type>robndbox</type>
    <name>ship</name>
    <difficult>0</difficult>
    <robndbox>
      <cx>116.5501</cx>
      <cy>230.624</cy>
      <h>96.46731567382812</h>
      <w>13.113690376281738</w>
      <angle>0.22990405564857225</angle>
    </robndbox>
  </object>
</annotation>
