<annotation>
  <folder>RSDD-SAR</folder>
  <filename>105_17_1.xml</filename>
  <polarization>HH</polarization>
  <resolution>10</resolution>
  <size>
    <width>512</width>
    <height>512</height>
    <depth>3</depth>
  </size>
  <segmented>0</segmented>
  <object>
    <type>robndbox</type>
    <name>ship</name>
    <difficult>0</difficult>
    <robndbox>
      <cx>243.7294</cx>
      <cy>43.8182</cy>
      <h>36.443687438964844</h>
      <w>8.669301986694336</w>
      <angle>-0.2232468020688898</angle>
    </robndbox>
  </object>
</annotation>
