<annotation>
  <folder>RSDD-SAR</folder>
  <filename>105_39_28.xml</filename>
  <polarization>HH</polarization>
  <resolution>10</resolution>
  <size>
    <width>512</width>
    <height>512</height>
    <depth>3</depth>
  </size>
  <segmented>0</segmented>
  <object>
    <type>robndbox</type>
    <name>ship</name>
    <difficult>0</difficult>
    <robndbox>
      <cx>321.2301</cx>
      <cy>190.9394</cy>
      <h>47.84339141845703</h>
      <w>10.467501640319824</w>
      <angle>-0.6067288829719315</angle>
    </robndbox>
  </object>
</annotation>
