<annotation>
  <folder>RSDD-SAR</folder>
  <filename>105_37_57.xml</filename>
  <polarization>HH</polarization>
  <resolution>10</resolution>
  <size>
    <width>512</width>
    <height>512</height>
    <depth>3</depth>
  </size>
  <segmented>0</segmented>
  <object>
    <type>robndbox</type>
    <name>ship</name>
    <difficult>0</difficult>
    <robndbox>
      <cx>202.7487</cx>
      <cy>478.0343</cy>
      <h>93.21039581298828</h>
      <w>16.94682502746582</w>
      <angle>-0.19032640256998423</angle>
    </robndbox>
  </object>
</annotation>
