<annotation>
  <folder>RSDD-SAR</folder>
  <filename>105_44_39.xml</filename>
  <polarization>HH</polarization>
  <resolution>10</resolution>
  <size>
    <width>512</width>
    <height>512</height>
    <depth>3</depth>
  </size>
  <segmented>0</segmented>
  <object>
    <type>robndbox</type>
    <name>ship</name>
    <difficult>0</difficult>
    <robndbox>
      <cx>79.0</cx>
      <cy>20.0</cy>
      <h>22.0</h>
      <w>6.0</w>
      <angle>-1.5707963267948966</angle>
    </robndbox>
  </object>
  <object>
    <type>robndbox</type>
    <name>ship</name>
    <difficult>0</difficult>
    <robndbox>
      <cx>234.5696</cx>
      <cy>377.7117</cy>
      <h>21.08330726623535</h>
      <w>6.171306133270264</w>
      <angle>1.5491534824060953</angle>
    </robndbox>
  </object>
  <object>
    <type>robndbox</type>
    <name>ship</name>
    <difficult>0</difficult>
    <robndbox>
      <cx>377.2617</cx>
      <cy>253.0917</cy>
      <h>18.171106338500977</h>
      <w>7.506418704986572</w>
      <angle>1.5691538221925903</angle>
    </robndbox>
  </object>
</annotation>
