<annotation>
  <folder>RSDD-SAR</folder>
  <filename>105_24_6.xml</filename>
  <polarization>HH</polarization>
  <resolution>10</resolution>
  <size>
    <width>512</width>
    <height>512</height>
    <depth>3</depth>
  </size>
  <segmented>0</segmented>
  <object>
    <type>robndbox</type>
    <name>ship</name>
    <difficult>0</difficult>
    <robndbox>
      <cx>173.7025</cx>
      <cy>208.5391</cy>
      <h>66.91178894042969</h>
      <w>9.892805099487305</w>
      <angle>-0.11915342243761673</angle>
    </robndbox>
  </object>
</annotation>
