<annotation>
  <folder>RSDD-SAR</folder>
  <filename>105_20_3.xml</filename>
  <polarization>HH</polarization>
  <resolution>10</resolution>
  <size>
    <width>512</width>
    <height>512</height>
    <depth>3</depth>
  </size>
  <segmented>0</segmented>
  <object>
    <type>robndbox</type>
    <name>ship</name>
    <difficult>0</difficult>
    <robndbox>
      <cx>483.0755</cx>
      <cy>112.3595</cy>
      <h>39.52310562133789</h>
      <w>6.922701358795166</w>
      <angle>0.3430238369652623</angle>
    </robndbox>
  </object>
</annotation>
