<annotation>
  <folder>RSDD-SAR</folder>
  <filename>105_10_48.xml</filename>
  <polarization>HH</polarization>
  <resolution>10</resolution>
  <size>
    <width>512</width>
    <height>512</height>
    <depth>3</depth>
  </size>
  <segmented>0</segmented>
  <object>
    <type>robndbox</type>
    <name>ship</name>
    <difficult>0</difficult>
    <robndbox>
      <cx>158.3675</cx>
      <cy>127.6698</cy>
      <h>34.0233154296875</h>
      <w>11.669211387634277</w>
      <angle>-0.06773896706476501</angle>
    </robndbox>
  </object>
</annotation>
