<annotation>
  <folder>RSDD-SAR</folder>
  <filename>105_24_14.xml</filename>
  <polarization>HH</polarization>
  <resolution>10</resolution>
  <size>
    <width>512</width>
    <height>512</height>
    <depth>3</depth>
  </size>
  <segmented>0</segmented>
  <object>
    <type>robndbox</type>
    <name>ship</name>
    <difficult>0</difficult>
    <robndbox>
      <cx>450.9956</cx>
      <cy>199.5533</cy>
      <h>59.14252471923828</h>
      <w>11.57619571685791</w>
      <angle>-0.2413208774389306</angle>
    </robndbox>
  </object>
</annotation>
