<annotation>
  <folder>RSDD-SAR</folder>
  <filename>105_44_38.xml</filename>
  <polarization>HH</polarization>
  <resolution>10</resolution>
  <size>
    <width>512</width>
    <height>512</height>
    <depth>3</depth>
  </size>
  <segmented>0</segmented>
  <object>
    <type>robndbox</type>
    <name>ship</name>
    <difficult>0</difficult>
    <robndbox>
      <cx>126.0723</cx>
      <cy>84.4416</cy>
      <h>18.92780876159668</h>
      <w>6.230493068695068</w>
      <angle>-1.569153377465494</angle>
    </robndbox>
  </object>
  <object>
    <type>robndbox</type>
    <name>ship</name>
    <difficult>0</difficult>
    <robndbox>
      <cx>173.1636</cx>
      <cy>388.5629</cy>
      <h>19.06109046936035</h>
      <w>7.832396030426025</w>
      <angle>1.56243879466201</angle>
    </robndbox>
  </object>
  <object>
    <type>robndbox</type>
    <name>ship</name>
    <difficult>0</difficult>
    <robndbox>
      <cx>317.2414</cx>
      <cy>264.8681</cy>
      <h>19.689407348632812</h>
      <w>5.6819000244140625</w>
      <angle>1.5624389278200643</angle>
    </robndbox>
  </object>
  <object>
    <type>robndbox</type>
    <name>ship</name>
    <difficult>0</difficult>
    <robndbox>
      <cx>460.6967</cx>
      <cy>140.8919</cy>
      <h>21.953903198242188</h>
      <w>7.622645854949951</w>
      <angle>-1.549151634838089</angle>
    </robndbox>
  </object>
</annotation>
