<annotation>
  <folder>RSDD-SAR</folder>
  <filename>105_43_14.xml</filename>
  <polarization>HH</polarization>
  <resolution>10</resolution>
  <size>
    <width>512</width>
    <height>512</height>
    <depth>3</depth>
  </size>
  <segmented>0</segmented>
  <object>
    <type>robndbox</type>
    <name>ship</name>
    <difficult>0</difficult>
    <robndbox>
      <cx>132.432</cx>
      <cy>136.5718</cy>
      <h>58.631587982177734</h>
      <w>12.845191955566406</w>
      <angle>-0.8352972801100449</angle>
    </robndbox>
  </object>
</annotation>
