<annotation>
  <folder>RSDD-SAR</folder>
  <filename>105_19_7.xml</filename>
  <polarization>HH</polarization>
  <resolution>10</resolution>
  <size>
    <width>512</width>
    <height>512</height>
    <depth>3</depth>
  </size>
  <segmented>0</segmented>
  <object>
    <type>robndbox</type>
    <name>ship</name>
    <difficult>0</difficult>
    <robndbox>
      <cx>183.6581</cx>
      <cy>83.9631</cy>
      <h>24.670591354370117</h>
      <w>5.680706977844238</w>
      <angle>-0.22923332188327894</angle>
    </robndbox>
  </object>
</annotation>
