<annotation>
  <folder>RSDD-SAR</folder>
  <filename>105_41_5.xml</filename>
  <polarization>HH</polarization>
  <resolution>10</resolution>
  <size>
    <width>512</width>
    <height>512</height>
    <depth>3</depth>
  </size>
  <segmented>0</segmented>
  <object>
    <type>robndbox</type>
    <name>ship</name>
    <difficult>0</difficult>
    <robndbox>
      <cx>461.7069</cx>
      <cy>259.8247</cy>
      <h>69.99018096923828</h>
      <w>11.582382202148438</w>
      <angle>-0.17586836732805322</angle>
    </robndbox>
  </object>
</annotation>
