<annotation>
  <folder>RSDD-SAR</folder>
  <filename>105_42_12.xml</filename>
  <polarization>HH</polarization>
  <resolution>10</resolution>
  <size>
    <width>512</width>
    <height>512</height>
    <depth>3</depth>
  </size>
  <segmented>0</segmented>
  <object>
    <type>robndbox</type>
    <name>ship</name>
    <difficult>0</difficult>
    <robndbox>
      <cx>352.0359</cx>
      <cy>302.0357</cy>
      <h>21.41404914855957</h>
      <w>6.452395439147949</w>
      <angle>-0.7597832808218209</angle>
    </robndbox>
  </object>
</annotation>
