<annotation>
  <folder>RSDD-SAR</folder>
  <filename>105_44_37.xml</filename>
  <polarization>HH</polarization>
  <resolution>10</resolution>
  <size>
    <width>512</width>
    <height>512</height>
    <depth>3</depth>
  </size>
  <segmented>0</segmented>
  <object>
    <type>robndbox</type>
    <name>ship</name>
    <difficult>0</difficult>
    <robndbox>
      <cx>420.0</cx>
      <cy>276.5</cy>
      <h>17.0</h>
      <w>6.0</w>
      <angle>-1.5707963267948966</angle>
    </robndbox>
  </object>
  <object>
    <type>robndbox</type>
    <name>ship</name>
    <difficult>0</difficult>
    <robndbox>
      <cx>268.5</cx>
      <cy>410.5</cy>
      <h>19.0</h>
      <w>5.0</w>
      <angle>-1.5707963267948966</angle>
    </robndbox>
  </object>
  <object>
    <type>robndbox</type>
    <name>ship</name>
    <difficult>0</difficult>
    <robndbox>
      <cx>9.5</cx>
      <cy>218.0</cy>
      <h>16.0</h>
      <w>7.0</w>
      <angle>-1.5707963267948966</angle>
    </robndbox>
  </object>
</annotation>
