<annotation>
  <folder>RSDD-SAR</folder>
  <filename>105_35_20.xml</filename>
  <polarization>HH</polarization>
  <resolution>10</resolution>
  <size>
    <width>512</width>
    <height>512</height>
    <depth>3</depth>
  </size>
  <segmented>0</segmented>
  <object>
    <type>robndbox</type>
    <name>ship</name>
    <difficult>0</difficult>
    <robndbox>
      <cx>390.8453</cx>
      <cy>20.8636</cy>
      <h>39.282310485839844</h>
      <w>15.180480003356934</w>
      <angle>-1.0664888909218864</angle>
    </robndbox>
  </object>
</annotation>
