<annotation>
  <folder>RSDD-SAR</folder>
  <filename>105_43_59.xml</filename>
  <polarization>HH</polarization>
  <resolution>10</resolution>
  <size>
    <width>512</width>
    <height>512</height>
    <depth>3</depth>
  </size>
  <segmented>0</segmented>
  <object>
    <type>robndbox</type>
    <name>ship</name>
    <difficult>0</difficult>
    <robndbox>
      <cx>77.8632</cx>
      <cy>357.3637</cy>
      <h>66.65309143066406</h>
      <w>10.329313278198242</w>
      <angle>-0.1306573462403775</angle>
    </robndbox>
  </object>
</annotation>
