<annotation>
  <folder>RSDD-SAR</folder>
  <filename>105_33_38.xml</filename>
  <polarization>HH</polarization>
  <resolution>10</resolution>
  <size>
    <width>512</width>
    <height>512</height>
    <depth>3</depth>
  </size>
  <segmented>0</segmented>
  <object>
    <type>robndbox</type>
    <name>ship</name>
    <difficult>0</difficult>
    <robndbox>
      <cx>249.488</cx>
      <cy>163.2993</cy>
      <h>17.735200881958008</h>
      <w>6.512176990509033</w>
      <angle>-0.7209288257820009</angle>
    </robndbox>
  </object>
</annotation>
