<annotation>
  <folder>RSDD-SAR</folder>
  <filename>105_24_8.xml</filename>
  <polarization>HH</polarization>
  <resolution>10</resolution>
  <size>
    <width>512</width>
    <height>512</height>
    <depth>3</depth>
  </size>
  <segmented>0</segmented>
  <object>
    <type>robndbox</type>
    <name>ship</name>
    <difficult>0</difficult>
    <robndbox>
      <cx>335.3695</cx>
      <cy>39.0385</cy>
      <h>55.09108352661133</h>
      <w>12.08389663696289</w>
      <angle>-0.1179663183817139</angle>
    </robndbox>
  </object>
  <object>
    <type>robndbox</type>
    <name>ship</name>
    <difficult>0</difficult>
    <robndbox>
      <cx>17.3293</cx>
      <cy>326.2268</cy>
      <h>33.68149948120117</h>
      <w>10.887613296508789</w>
      <angle>-0.10796601533041206</angle>
    </robndbox>
  </object>
</annotation>
