<annotation>
  <folder>RSDD-SAR</folder>
  <filename>105_42_31.xml</filename>
  <polarization>HH</polarization>
  <resolution>10</resolution>
  <size>
    <width>512</width>
    <height>512</height>
    <depth>3</depth>
  </size>
  <segmented>0</segmented>
  <object>
    <type>robndbox</type>
    <name>ship</name>
    <difficult>0</difficult>
    <robndbox>
      <cx>232.5718</cx>
      <cy>168.4973</cy>
      <h>28.028297424316406</h>
      <w>9.941306114196777</w>
      <angle>-0.5436215525169779</angle>
    </robndbox>
  </object>
</annotation>
