<annotation>
  <folder>RSDD-SAR</folder>
  <filename>105_37_9.xml</filename>
  <polarization>HH</polarization>
  <resolution>10</resolution>
  <size>
    <width>512</width>
    <height>512</height>
    <depth>3</depth>
  </size>
  <segmented>0</segmented>
  <object>
    <type>robndbox</type>
    <name>ship</name>
    <difficult>0</difficult>
    <robndbox>
      <cx>197.8062</cx>
      <cy>146.1557</cy>
      <h>81.84561157226562</h>
      <w>18.729095458984375</w>
      <angle>-0.7386264633319588</angle>
    </robndbox>
  </object>
</annotation>
