<annotation>
  <folder>RSDD-SAR</folder>
  <filename>105_43_41.xml</filename>
  <polarization>HH</polarization>
  <resolution>10</resolution>
  <size>
    <width>512</width>
    <height>512</height>
    <depth>3</depth>
  </size>
  <segmented>0</segmented>
  <object>
    <type>robndbox</type>
    <name>ship</name>
    <difficult>0</difficult>
    <robndbox>
      <cx>218.398</cx>
      <cy>418.0</cy>
      <h>24.0</h>
      <w>7.0</w>
      <angle>-1.5707963267948966</angle>
    </robndbox>
  </object>
</annotation>
