<annotation>
  <folder>RSDD-SAR</folder>
  <filename>105_32_16.xml</filename>
  <polarization>HH</polarization>
  <resolution>10</resolution>
  <size>
    <width>512</width>
    <height>512</height>
    <depth>3</depth>
  </size>
  <segmented>0</segmented>
  <object>
    <type>robndbox</type>
    <name>ship</name>
    <difficult>0</difficult>
    <robndbox>
      <cx>294.4512</cx>
      <cy>283.6522</cy>
      <h>63.145668029785156</h>
      <w>13.210724830627441</w>
      <angle>-0.552789085095412</angle>
    </robndbox>
  </object>
</annotation>
