<annotation>
  <folder>RSDD-SAR</folder>
  <filename>105_21_11.xml</filename>
  <polarization>HH</polarization>
  <resolution>10</resolution>
  <size>
    <width>512</width>
    <height>512</height>
    <depth>3</depth>
  </size>
  <segmented>0</segmented>
  <object>
    <type>robndbox</type>
    <name>ship</name>
    <difficult>0</difficult>
    <robndbox>
      <cx>298.0</cx>
      <cy>116.0</cy>
      <h>35.066162109375</h>
      <w>7.096688270568848</w>
      <angle>-0.26396347250094787</angle>
    </robndbox>
  </object>
</annotation>
