<annotation>
  <folder>RSDD-SAR</folder>
  <filename>105_22_0.xml</filename>
  <polarization>HH</polarization>
  <resolution>10</resolution>
  <size>
    <width>512</width>
    <height>512</height>
    <depth>3</depth>
  </size>
  <segmented>0</segmented>
  <object>
    <type>robndbox</type>
    <name>ship</name>
    <difficult>0</difficult>
    <robndbox>
      <cx>225.699</cx>
      <cy>294.7192</cy>
      <h>57.55912399291992</h>
      <w>11.688793182373047</w>
      <angle>-0.19991364933621525</angle>
    </robndbox>
  </object>
</annotation>
