<annotation>
  <folder>RSDD-SAR</folder>
  <filename>105_34_42.xml</filename>
  <polarization>HH</polarization>
  <resolution>10</resolution>
  <size>
    <width>512</width>
    <height>512</height>
    <depth>3</depth>
  </size>
  <segmented>0</segmented>
  <object>
    <type>robndbox</type>
    <name>ship</name>
    <difficult>0</difficult>
    <robndbox>
      <cx>230.858</cx>
      <cy>84.8936</cy>
      <h>92.1754150390625</h>
      <w>13.60329818725586</w>
      <angle>-0.16888595842402898</angle>
    </robndbox>
  </object>
</annotation>
