<annotation>
  <folder>RSDD-SAR</folder>
  <filename>105_40_19.xml</filename>
  <polarization>HH</polarization>
  <resolution>10</resolution>
  <size>
    <width>512</width>
    <height>512</height>
    <depth>3</depth>
  </size>
  <segmented>0</segmented>
  <object>
    <type>robndbox</type>
    <name>ship</name>
    <difficult>0</difficult>
    <robndbox>
      <cx>321.9807</cx>
      <cy>53.1354</cy>
      <h>104.85031127929688</h>
      <w>14.941205024719238</w>
      <angle>-0.1644723015494407</angle>
    </robndbox>
  </object>
</annotation>
