<annotation>
  <folder>RSDD-SAR</folder>
  <filename>105_43_15.xml</filename>
  <polarization>HH</polarization>
  <resolution>10</resolution>
  <size>
    <width>512</width>
    <height>512</height>
    <depth>3</depth>
  </size>
  <segmented>0</segmented>
  <object>
    <type>robndbox</type>
    <name>ship</name>
    <difficult>0</difficult>
    <robndbox>
      <cx>380.8365</cx>
      <cy>117.6083</cy>
      <h>55.4134635925293</h>
      <w>9.976101875305176</w>
      <angle>-0.5632523121231972</angle>
    </robndbox>
  </object>
</annotation>
