<annotation>
  <folder>RSDD-SAR</folder>
  <filename>105_11_17.xml</filename>
  <polarization>HH</polarization>
  <resolution>10</resolution>
  <size>
    <width>512</width>
    <height>512</height>
    <depth>3</depth>
  </size>
  <segmented>0</segmented>
  <object>
    <type>robndbox</type>
    <name>ship</name>
    <difficult>0</difficult>
    <robndbox>
      <cx>118.5</cx>
      <cy>287.0</cy>
      <h>32.37989807128906</h>
      <w>8.974475860595703</w>
      <angle>-0.36717428054696866</angle>
    </robndbox>
  </object>
</annotation>
