<annotation>
  <folder>RSDD-SAR</folder>
  <filename>105_33_16.xml</filename>
  <polarization>HH</polarization>
  <resolution>10</resolution>
  <size>
    <width>512</width>
    <height>512</height>
    <depth>3</depth>
  </size>
  <segmented>0</segmented>
  <object>
    <type>robndbox</type>
    <name>ship</name>
    <difficult>0</difficult>
    <robndbox>
      <cx>94.7482</cx>
      <cy>255.4808</cy>
      <h>59.1364860534668</h>
      <w>12.507925033569336</w>
      <angle>-0.784604341655523</angle>
    </robndbox>
  </object>
</annotation>
