<annotation>
  <folder>RSDD-SAR</folder>
  <filename>105_28_2.xml</filename>
  <polarization>HH</polarization>
  <resolution>10</resolution>
  <size>
    <width>512</width>
    <height>512</height>
    <depth>3</depth>
  </size>
  <segmented>0</segmented>
  <object>
    <type>robndbox</type>
    <name>ship</name>
    <difficult>0</difficult>
    <robndbox>
      <cx>369.9876</cx>
      <cy>344.4293</cy>
      <h>35.02653503417969</h>
      <w>8.937616348266602</w>
      <angle>-0.3846470141428695</angle>
    </robndbox>
  </object>
</annotation>
