<annotation>
  <folder>RSDD-SAR</folder>
  <filename>105_30_18.xml</filename>
  <polarization>HH</polarization>
  <resolution>10</resolution>
  <size>
    <width>512</width>
    <height>512</height>
    <depth>3</depth>
  </size>
  <segmented>0</segmented>
  <object>
    <type>robndbox</type>
    <name>ship</name>
    <difficult>0</difficult>
    <robndbox>
      <cx>278.9627</cx>
      <cy>358.6925</cy>
      <h>52.01861572265625</h>
      <w>12.525995254516602</w>
      <angle>-0.6070337483377184</angle>
    </robndbox>
  </object>
</annotation>
