<annotation>
  <folder>RSDD-SAR</folder>
  <filename>105_3_47.xml</filename>
  <polarization>HH</polarization>
  <resolution>10</resolution>
  <size>
    <width>512</width>
    <height>512</height>
    <depth>3</depth>
  </size>
  <segmented>0</segmented>
  <object>
    <type>robndbox</type>
    <name>ship</name>
    <difficult>0</difficult>
    <robndbox>
      <cx>49.4399</cx>
      <cy>283.446</cy>
      <h>28.18164825439453</h>
      <w>8.903902053833008</w>
      <angle>-1.4388991625537895</angle>
    </robndbox>
  </object>
</annotation>
