<annotation>
  <folder>RSDD-SAR</folder>
  <filename>105_41_3.xml</filename>
  <polarization>HH</polarization>
  <resolution>10</resolution>
  <size>
    <width>512</width>
    <height>512</height>
    <depth>3</depth>
  </size>
  <segmented>0</segmented>
  <object>
    <type>robndbox</type>
    <name>ship</name>
    <difficult>0</difficult>
    <robndbox>
      <cx>391.1756</cx>
      <cy>308.1183</cy>
      <h>52.09451675415039</h>
      <w>12.902973175048828</w>
      <angle>-1.0964627689907283</angle>
    </robndbox>
  </object>
</annotation>
