<annotation>
  <folder>RSDD-SAR</folder>
  <filename>105_23_7.xml</filename>
  <polarization>HH</polarization>
  <resolution>10</resolution>
  <size>
    <width>512</width>
    <height>512</height>
    <depth>3</depth>
  </size>
  <segmented>0</segmented>
  <object>
    <type>robndbox</type>
    <name>ship</name>
    <difficult>0</difficult>
    <robndbox>
      <cx>153.4856</cx>
      <cy>442.1646</cy>
      <h>61.92068862915039</h>
      <w>13.255003929138184</w>
      <angle>-0.14246140829799026</angle>
    </robndbox>
  </object>
</annotation>
