<annotation>
  <folder>RSDD-SAR</folder>
  <filename>105_23_9.xml</filename>
  <polarization>HH</polarization>
  <resolution>10</resolution>
  <size>
    <width>512</width>
    <height>512</height>
    <depth>3</depth>
  </size>
  <segmented>0</segmented>
  <object>
    <type>robndbox</type>
    <name>ship</name>
    <difficult>0</difficult>
    <robndbox>
      <cx>162.8186</cx>
      <cy>47.8383</cy>
      <h>67.05592346191406</h>
      <w>10.313302993774414</w>
      <angle>-0.1743552923547247</angle>
    </robndbox>
  </object>
</annotation>
