<annotation>
  <folder>RSDD-SAR</folder>
  <filename>105_39_31.xml</filename>
  <polarization>HH</polarization>
  <resolution>10</resolution>
  <size>
    <width>512</width>
    <height>512</height>
    <depth>3</depth>
  </size>
  <segmented>0</segmented>
  <object>
    <type>robndbox</type>
    <name>ship</name>
    <difficult>0</difficult>
    <robndbox>
      <cx>101.8085</cx>
      <cy>433.5</cy>
      <h>70.8946304321289</h>
      <w>12.326874732971191</w>
      <angle>-0.27958943703893313</angle>
    </robndbox>
  </object>
</annotation>
