<annotation>
  <folder>RSDD-SAR</folder>
  <filename>105_18_10.xml</filename>
  <polarization>HH</polarization>
  <resolution>10</resolution>
  <size>
    <width>512</width>
    <height>512</height>
    <depth>3</depth>
  </size>
  <segmented>0</segmented>
  <object>
    <type>robndbox</type>
    <name>ship</name>
    <difficult>0</difficult>
    <robndbox>
      <cx>290.4202</cx>
      <cy>396.6194</cy>
      <h>46.08417892456055</h>
      <w>9.03520393371582</w>
      <angle>-0.1773960896873772</angle>
    </robndbox>
  </object>
</annotation>
