<annotation>
  <folder>RSDD-SAR</folder>
  <filename>105_41_27.xml</filename>
  <polarization>HH</polarization>
  <resolution>10</resolution>
  <size>
    <width>512</width>
    <height>512</height>
    <depth>3</depth>
  </size>
  <segmented>0</segmented>
  <object>
    <type>robndbox</type>
    <name>ship</name>
    <difficult>0</difficult>
    <robndbox>
      <cx>229.3494</cx>
      <cy>393.6181</cy>
      <h>63.92221450805664</h>
      <w>11.031700134277344</w>
      <angle>-0.43984262563141585</angle>
    </robndbox>
  </object>
</annotation>
