<annotation>
  <folder>RSDD-SAR</folder>
  <filename>105_22_34.xml</filename>
  <polarization>HH</polarization>
  <resolution>10</resolution>
  <size>
    <width>512</width>
    <height>512</height>
    <depth>3</depth>
  </size>
  <segmented>0</segmented>
  <object>
    <type>robndbox</type>
    <name>ship</name>
    <difficult>0</difficult>
    <robndbox>
      <cx>242.9839</cx>
      <cy>110.5544</cy>
      <h>23.09709930419922</h>
      <w>8.320304870605469</w>
      <angle>-0.5416552741051452</angle>
    </robndbox>
  </object>
</annotation>
