<annotation>
  <folder>RSDD-SAR</folder>
  <filename>105_44_41.xml</filename>
  <polarization>HH</polarization>
  <resolution>10</resolution>
  <size>
    <width>512</width>
    <height>512</height>
    <depth>3</depth>
  </size>
  <segmented>0</segmented>
  <object>
    <type>robndbox</type>
    <name>ship</name>
    <difficult>0</difficult>
    <robndbox>
      <cx>66.3343</cx>
      <cy>44.369</cy>
      <h>21.489700317382812</h>
      <w>6.588500022888184</w>
      <angle>1.4723539086806625</angle>
    </robndbox>
  </object>
  <object>
    <type>robndbox</type>
    <name>ship</name>
    <difficult>0</difficult>
    <robndbox>
      <cx>94.8183</cx>
      <cy>368.5576</cy>
      <h>17.060781478881836</h>
      <w>6.507693290710449</w>
      <angle>1.5623542392974</angle>
    </robndbox>
  </object>
  <object>
    <type>robndbox</type>
    <name>ship</name>
    <difficult>0</difficult>
    <robndbox>
      <cx>247.9718</cx>
      <cy>233.4718</cy>
      <h>19.158105850219727</h>
      <w>5.211161136627197</w>
      <angle>1.5323529306693302</angle>
    </robndbox>
  </object>
  <object>
    <type>robndbox</type>
    <name>ship</name>
    <difficult>0</difficult>
    <robndbox>
      <cx>400.353</cx>
      <cy>101.5887</cy>
      <h>23.209808349609375</h>
      <w>5.948509693145752</w>
      <angle>1.5123545882536529</angle>
    </robndbox>
  </object>
</annotation>
