<annotation>
  <folder>RSDD-SAR</folder>
  <filename>105_23_4.xml</filename>
  <polarization>HH</polarization>
  <resolution>10</resolution>
  <size>
    <width>512</width>
    <height>512</height>
    <depth>3</depth>
  </size>
  <segmented>0</segmented>
  <object>
    <type>robndbox</type>
    <name>ship</name>
    <difficult>0</difficult>
    <robndbox>
      <cx>237.3403</cx>
      <cy>158.9013</cy>
      <h>59.38619613647461</h>
      <w>11.87929630279541</w>
      <angle>-0.13796625869404533</angle>
    </robndbox>
  </object>
</annotation>
