<annotation>
  <folder>RSDD-SAR</folder>
  <filename>105_43_38.xml</filename>
  <polarization>HH</polarization>
  <resolution>10</resolution>
  <size>
    <width>512</width>
    <height>512</height>
    <depth>3</depth>
  </size>
  <segmented>0</segmented>
  <object>
    <type>robndbox</type>
    <name>ship</name>
    <difficult>0</difficult>
    <robndbox>
      <cx>410.6707</cx>
      <cy>342.9024</cy>
      <h>22.0</h>
      <w>7.0</w>
      <angle>-1.5707963267948966</angle>
    </robndbox>
  </object>
  <object>
    <type>robndbox</type>
    <name>ship</name>
    <difficult>0</difficult>
    <robndbox>
      <cx>255.0578</cx>
      <cy>479.2603</cy>
      <h>14.938883781433105</h>
      <w>5.361918926239014</w>
      <angle>-0.37999953172457235</angle>
    </robndbox>
  </object>
  <object>
    <type>robndbox</type>
    <name>ship</name>
    <difficult>0</difficult>
    <robndbox>
      <cx>3.5</cx>
      <cy>266.9024</cy>
      <h>22.000001907348633</h>
      <w>7.0</w>
      <angle>1.5707960604787874</angle>
    </robndbox>
  </object>
</annotation>
