<annotation>
  <folder>RSDD-SAR</folder>
  <filename>105_19_42.xml</filename>
  <polarization>HH</polarization>
  <resolution>10</resolution>
  <size>
    <width>512</width>
    <height>512</height>
    <depth>3</depth>
  </size>
  <segmented>0</segmented>
  <object>
    <type>robndbox</type>
    <name>ship</name>
    <difficult>0</difficult>
    <robndbox>
      <cx>245.1021</cx>
      <cy>458.5594</cy>
      <h>17.80693244934082</h>
      <w>6.887998104095459</w>
      <angle>0.9714503255759099</angle>
    </robndbox>
  </object>
  <object>
    <type>robndbox</type>
    <name>ship</name>
    <difficult>0</difficult>
    <robndbox>
      <cx>418.949</cx>
      <cy>445.5</cy>
      <h>25.0</h>
      <w>7.89801025390625</w>
      <angle>-1.5707963267948966</angle>
    </robndbox>
  </object>
  <object>
    <type>robndbox</type>
    <name>ship</name>
    <difficult>0</difficult>
    <robndbox>
      <cx>15.3737</cx>
      <cy>27.74</cy>
      <h>14.345501899719238</h>
      <w>5.345398426055908</w>
      <angle>-0.20000046838775165</angle>
    </robndbox>
  </object>
</annotation>
