<annotation>
  <folder>RSDD-SAR</folder>
  <filename>105_18_14.xml</filename>
  <polarization>HH</polarization>
  <resolution>10</resolution>
  <size>
    <width>512</width>
    <height>512</height>
    <depth>3</depth>
  </size>
  <segmented>0</segmented>
  <object>
    <type>robndbox</type>
    <name>ship</name>
    <difficult>0</difficult>
    <robndbox>
      <cx>270.0535</cx>
      <cy>348.5496</cy>
      <h>48.90645980834961</h>
      <w>9.482099533081055</w>
      <angle>-0.20959037831507255</angle>
    </robndbox>
  </object>
</annotation>
