<annotation>
  <folder>RSDD-SAR</folder>
  <filename>105_40_28.xml</filename>
  <polarization>HH</polarization>
  <resolution>10</resolution>
  <size>
    <width>512</width>
    <height>512</height>
    <depth>3</depth>
  </size>
  <segmented>0</segmented>
  <object>
    <type>robndbox</type>
    <name>ship</name>
    <difficult>0</difficult>
    <robndbox>
      <cx>226.3418</cx>
      <cy>234.1895</cy>
      <h>92.978759765625</h>
      <w>15.283206939697266</w>
      <angle>-0.48269714862853497</angle>
    </robndbox>
  </object>
</annotation>
