<annotation>
  <folder>RSDD-SAR</folder>
  <filename>105_40_6.xml</filename>
  <polarization>HH</polarization>
  <resolution>10</resolution>
  <size>
    <width>512</width>
    <height>512</height>
    <depth>3</depth>
  </size>
  <segmented>0</segmented>
  <object>
    <type>robndbox</type>
    <name>ship</name>
    <difficult>0</difficult>
    <robndbox>
      <cx>39.7361</cx>
      <cy>18.5</cy>
      <h>37.242698669433594</h>
      <w>12.785999298095703</w>
      <angle>-0.8908962273456837</angle>
    </robndbox>
  </object>
  <object>
    <type>robndbox</type>
    <name>ship</name>
    <difficult>0</difficult>
    <robndbox>
      <cx>328.0704</cx>
      <cy>361.4243</cy>
      <h>82.29742431640625</h>
      <w>15.666470527648926</w>
      <angle>-0.9318443930554968</angle>
    </robndbox>
  </object>
</annotation>
