<annotation>
  <folder>RSDD-SAR</folder>
  <filename>105_28_55.xml</filename>
  <polarization>HH</polarization>
  <resolution>10</resolution>
  <size>
    <width>512</width>
    <height>512</height>
    <depth>3</depth>
  </size>
  <segmented>0</segmented>
  <object>
    <type>robndbox</type>
    <name>ship</name>
    <difficult>0</difficult>
    <robndbox>
      <cx>345.8616</cx>
      <cy>225.6162</cy>
      <h>43.18729782104492</h>
      <w>9.230098724365234</w>
      <angle>-0.47662727187202636</angle>
    </robndbox>
  </object>
</annotation>
