<annotation>
  <folder>RSDD-SAR</folder>
  <filename>105_22_5.xml</filename>
  <polarization>HH</polarization>
  <resolution>10</resolution>
  <size>
    <width>512</width>
    <height>512</height>
    <depth>3</depth>
  </size>
  <segmented>0</segmented>
  <object>
    <type>robndbox</type>
    <name>ship</name>
    <difficult>0</difficult>
    <robndbox>
      <cx>347.4629</cx>
      <cy>153.6907</cy>
      <h>70.6378173828125</h>
      <w>11.35938549041748</w>
      <angle>-0.11487691835916736</angle>
    </robndbox>
  </object>
</annotation>
