<annotation>
  <folder>RSDD-SAR</folder>
  <filename>105_42_14.xml</filename>
  <polarization>HH</polarization>
  <resolution>10</resolution>
  <size>
    <width>512</width>
    <height>512</height>
    <depth>3</depth>
  </size>
  <segmented>0</segmented>
  <object>
    <type>robndbox</type>
    <name>ship</name>
    <difficult>0</difficult>
    <robndbox>
      <cx>128.162</cx>
      <cy>115.773</cy>
      <h>49.170310974121094</h>
      <w>10.2874755859375</w>
      <angle>-0.6655449953834133</angle>
    </robndbox>
  </object>
</annotation>
