<annotation>
  <folder>RSDD-SAR</folder>
  <filename>105_19_0.xml</filename>
  <polarization>HH</polarization>
  <resolution>10</resolution>
  <size>
    <width>512</width>
    <height>512</height>
    <depth>3</depth>
  </size>
  <segmented>0</segmented>
  <object>
    <type>robndbox</type>
    <name>ship</name>
    <difficult>0</difficult>
    <robndbox>
      <cx>437.8007</cx>
      <cy>107.7583</cy>
      <h>35.21599578857422</h>
      <w>8.373696327209473</w>
      <angle>0.24679921618306216</angle>
    </robndbox>
  </object>
</annotation>
