<annotation>
  <folder>RSDD-SAR</folder>
  <filename>105_44_40.xml</filename>
  <polarization>HH</polarization>
  <resolution>10</resolution>
  <size>
    <width>512</width>
    <height>512</height>
    <depth>3</depth>
  </size>
  <segmented>0</segmented>
  <object>
    <type>robndbox</type>
    <name>ship</name>
    <difficult>0</difficult>
    <robndbox>
      <cx>274.2433</cx>
      <cy>311.0895</cy>
      <h>25.802955627441406</h>
      <w>5.522927284240723</w>
      <angle>1.5408171224038745</angle>
    </robndbox>
  </object>
  <object>
    <type>robndbox</type>
    <name>ship</name>
    <difficult>0</difficult>
    <robndbox>
      <cx>463.909</cx>
      <cy>493.4608</cy>
      <h>24.99882698059082</h>
      <w>8.220972061157227</w>
      <angle>-1.5609663713863051</angle>
    </robndbox>
  </object>
  <object>
    <type>robndbox</type>
    <name>ship</name>
    <difficult>0</difficult>
    <robndbox>
      <cx>17.0345</cx>
      <cy>113.6246</cy>
      <h>16.924602508544922</h>
      <w>7.372202396392822</w>
      <angle>1.540818054510256</angle>
    </robndbox>
  </object>
  <object>
    <type>robndbox</type>
    <name>ship</name>
    <difficult>0</difficult>
    <robndbox>
      <cx>130.8041</cx>
      <cy>435.0248</cy>
      <h>13.99918270111084</h>
      <w>10.516593933105469</w>
      <angle>1.5508180912454492</angle>
    </robndbox>
  </object>
  <object>
    <type>robndbox</type>
    <name>ship</name>
    <difficult>0</difficult>
    <robndbox>
      <cx>425.4683</cx>
      <cy>175.9683</cy>
      <h>18.069013595581055</h>
      <w>6.819973468780518</w>
      <angle>1.5608174621903694</angle>
    </robndbox>
  </object>
</annotation>
