<annotation>
  <folder>RSDD-SAR</folder>
  <filename>105_3_45.xml</filename>
  <polarization>HH</polarization>
  <resolution>10</resolution>
  <size>
    <width>512</width>
    <height>512</height>
    <depth>3</depth>
  </size>
  <segmented>0</segmented>
  <object>
    <type>robndbox</type>
    <name>ship</name>
    <difficult>0</difficult>
    <robndbox>
      <cx>268.6287</cx>
      <cy>150.549</cy>
      <h>28.983680725097656</h>
      <w>6.725186824798584</w>
      <angle>-0.6637094116020762</angle>
    </robndbox>
  </object>
  <object>
    <type>robndbox</type>
    <name>ship</name>
    <difficult>0</difficult>
    <robndbox>
      <cx>130.9235</cx>
      <cy>12.1872</cy>
      <h>27.159578323364258</h>
      <w>6.436398983001709</w>
      <angle>-0.5470985756361855</angle>
    </robndbox>
  </object>
  <object>
    <type>robndbox</type>
    <name>ship</name>
    <difficult>0</difficult>
    <robndbox>
      <cx>57.4863</cx>
      <cy>196.4863</cy>
      <h>32.30290222167969</h>
      <w>6.852895736694336</w>
      <angle>-0.7496988218800723</angle>
    </robndbox>
  </object>
</annotation>
