<annotation>
  <folder>RSDD-SAR</folder>
  <filename>105_43_58.xml</filename>
  <polarization>HH</polarization>
  <resolution>10</resolution>
  <size>
    <width>512</width>
    <height>512</height>
    <depth>3</depth>
  </size>
  <segmented>0</segmented>
  <object>
    <type>robndbox</type>
    <name>ship</name>
    <difficult>0</difficult>
    <robndbox>
      <cx>50.5</cx>
      <cy>223.5</cy>
      <h>76.61410522460938</h>
      <w>11.8436861038208</w>
      <angle>0.03701993236172976</angle>
    </robndbox>
  </object>
</annotation>
