<annotation>
  <folder>RSDD-SAR</folder>
  <filename>105_40_7.xml</filename>
  <polarization>HH</polarization>
  <resolution>10</resolution>
  <size>
    <width>512</width>
    <height>512</height>
    <depth>3</depth>
  </size>
  <segmented>0</segmented>
  <object>
    <type>robndbox</type>
    <name>ship</name>
    <difficult>0</difficult>
    <robndbox>
      <cx>113.092</cx>
      <cy>34.5</cy>
      <h>70.95021057128906</h>
      <w>14.805272102355957</w>
      <angle>-1.054007553709553</angle>
    </robndbox>
  </object>
</annotation>
