<annotation>
  <folder>RSDD-SAR</folder>
  <filename>105_43_36.xml</filename>
  <polarization>HH</polarization>
  <resolution>10</resolution>
  <size>
    <width>512</width>
    <height>512</height>
    <depth>3</depth>
  </size>
  <segmented>0</segmented>
  <object>
    <type>robndbox</type>
    <name>ship</name>
    <difficult>0</difficult>
    <robndbox>
      <cx>439.4281</cx>
      <cy>453.6808</cy>
      <h>20.44668960571289</h>
      <w>8.122526168823242</w>
      <angle>1.546441452310013</angle>
    </robndbox>
  </object>
  <object>
    <type>robndbox</type>
    <name>ship</name>
    <difficult>0</difficult>
    <robndbox>
      <cx>149.117</cx>
      <cy>393.0</cy>
      <h>22.0</h>
      <w>7.0</w>
      <angle>-1.5707963267948966</angle>
    </robndbox>
  </object>
</annotation>
