<annotation>
  <folder>RSDD-SAR</folder>
  <filename>105_3_44.xml</filename>
  <polarization>HH</polarization>
  <resolution>10</resolution>
  <size>
    <width>512</width>
    <height>512</height>
    <depth>3</depth>
  </size>
  <segmented>0</segmented>
  <object>
    <type>robndbox</type>
    <name>ship</name>
    <difficult>0</difficult>
    <robndbox>
      <cx>234.0</cx>
      <cy>159.0</cy>
      <h>18.95050048828125</h>
      <w>8.768081665039062</w>
      <angle>-1.4288997583193552</angle>
    </robndbox>
  </object>
</annotation>
