<annotation>
  <folder>RSDD-SAR</folder>
  <filename>105_39_35.xml</filename>
  <polarization>HH</polarization>
  <resolution>10</resolution>
  <size>
    <width>512</width>
    <height>512</height>
    <depth>3</depth>
  </size>
  <segmented>0</segmented>
  <object>
    <type>robndbox</type>
    <name>ship</name>
    <difficult>0</difficult>
    <robndbox>
      <cx>184.4435</cx>
      <cy>307.7297</cy>
      <h>83.26810455322266</h>
      <w>13.830885887145996</w>
      <angle>-0.4910136015016071</angle>
    </robndbox>
  </object>
</annotation>
