<annotation>
  <folder>RSDD-SAR</folder>
  <filename>105_22_10.xml</filename>
  <polarization>HH</polarization>
  <resolution>10</resolution>
  <size>
    <width>512</width>
    <height>512</height>
    <depth>3</depth>
  </size>
  <segmented>0</segmented>
  <object>
    <type>robndbox</type>
    <name>ship</name>
    <difficult>0</difficult>
    <robndbox>
      <cx>112.2545</cx>
      <cy>428.7748</cy>
      <h>44.66171646118164</h>
      <w>9.161520957946777</w>
      <angle>-0.09942871982394474</angle>
    </robndbox>
  </object>
</annotation>
