<annotation>
  <folder>RSDD-SAR</folder>
  <filename>105_39_10.xml</filename>
  <polarization>HH</polarization>
  <resolution>10</resolution>
  <size>
    <width>512</width>
    <height>512</height>
    <depth>3</depth>
  </size>
  <segmented>0</segmented>
  <object>
    <type>robndbox</type>
    <name>ship</name>
    <difficult>0</difficult>
    <robndbox>
      <cx>430.6789</cx>
      <cy>220.9472</cy>
      <h>69.927001953125</h>
      <w>15.144819259643555</w>
      <angle>-0.9572963567514385</angle>
    </robndbox>
  </object>
</annotation>
