<annotation>
  <folder>RSDD-SAR</folder>
  <filename>105_26_54.xml</filename>
  <polarization>HH</polarization>
  <resolution>10</resolution>
  <size>
    <width>512</width>
    <height>512</height>
    <depth>3</depth>
  </size>
  <segmented>0</segmented>
  <object>
    <type>robndbox</type>
    <name>ship</name>
    <difficult>0</difficult>
    <robndbox>
      <cx>87.0017</cx>
      <cy>120.9885</cy>
      <h>53.757991790771484</h>
      <w>11.152809143066406</w>
      <angle>-0.37302418019743677</angle>
    </robndbox>
  </object>
</annotation>
