<annotation>
  <folder>RSDD-SAR</folder>
  <filename>105_40_24.xml</filename>
  <polarization>HH</polarization>
  <resolution>10</resolution>
  <size>
    <width>512</width>
    <height>512</height>
    <depth>3</depth>
  </size>
  <segmented>0</segmented>
  <object>
    <type>robndbox</type>
    <name>ship</name>
    <difficult>0</difficult>
    <robndbox>
      <cx>448.6721</cx>
      <cy>384.677</cy>
      <h>54.654727935791016</h>
      <w>10.0902738571167</w>
      <angle>-0.40682688496548547</angle>
    </robndbox>
  </object>
</annotation>
