<annotation>
  <folder>RSDD-SAR</folder>
  <filename>105_21_1.xml</filename>
  <polarization>HH</polarization>
  <resolution>10</resolution>
  <size>
    <width>512</width>
    <height>512</height>
    <depth>3</depth>
  </size>
  <segmented>0</segmented>
  <object>
    <type>robndbox</type>
    <name>ship</name>
    <difficult>0</difficult>
    <robndbox>
      <cx>33.3718</cx>
      <cy>406.2675</cy>
      <h>63.11980056762695</h>
      <w>11.324368476867676</w>
      <angle>-0.322554348063236</angle>
    </robndbox>
  </object>
</annotation>
