<annotation>
  <folder>RSDD-SAR</folder>
  <filename>105_33_14.xml</filename>
  <polarization>HH</polarization>
  <resolution>10</resolution>
  <size>
    <width>512</width>
    <height>512</height>
    <depth>3</depth>
  </size>
  <segmented>0</segmented>
  <object>
    <type>robndbox</type>
    <name>ship</name>
    <difficult>0</difficult>
    <robndbox>
      <cx>323.9033</cx>
      <cy>413.5811</cy>
      <h>60.27620315551758</h>
      <w>13.29500675201416</w>
      <angle>-0.6727478474466688</angle>
    </robndbox>
  </object>
</annotation>
