<annotation>
  <folder>RSDD-SAR</folder>
  <filename>105_17_39.xml</filename>
  <polarization>HH</polarization>
  <resolution>10</resolution>
  <size>
    <width>512</width>
    <height>512</height>
    <depth>3</depth>
  </size>
  <segmented>0</segmented>
  <object>
    <type>robndbox</type>
    <name>ship</name>
    <difficult>0</difficult>
    <robndbox>
      <cx>235.0849</cx>
      <cy>432.6363</cy>
      <h>45.328399658203125</h>
      <w>7.648098945617676</w>
      <angle>-0.29017097499814515</angle>
    </robndbox>
  </object>
</annotation>
