<annotation>
  <folder>RSDD-SAR</folder>
  <filename>105_42_58.xml</filename>
  <polarization>HH</polarization>
  <resolution>10</resolution>
  <size>
    <width>512</width>
    <height>512</height>
    <depth>3</depth>
  </size>
  <segmented>0</segmented>
  <object>
    <type>robndbox</type>
    <name>ship</name>
    <difficult>0</difficult>
    <robndbox>
      <cx>135.4791</cx>
      <cy>478.9525</cy>
      <h>72.09011840820312</h>
      <w>10.327022552490234</w>
      <angle>-0.04982987452425469</angle>
    </robndbox>
  </object>
</annotation>
