<annotation>
  <folder>RSDD-SAR</folder>
  <filename>105_41_31.xml</filename>
  <polarization>HH</polarization>
  <resolution>10</resolution>
  <size>
    <width>512</width>
    <height>512</height>
    <depth>3</depth>
  </size>
  <segmented>0</segmented>
  <object>
    <type>robndbox</type>
    <name>ship</name>
    <difficult>0</difficult>
    <robndbox>
      <cx>197.966</cx>
      <cy>385.5617</cy>
      <h>32.38628387451172</h>
      <w>8.412368774414062</w>
      <angle>-0.6785504094087607</angle>
    </robndbox>
  </object>
</annotation>
