<annotation>
  <folder>RSDD-SAR</folder>
  <filename>105_32_61.xml</filename>
  <polarization>HH</polarization>
  <resolution>10</resolution>
  <size>
    <width>512</width>
    <height>512</height>
    <depth>3</depth>
  </size>
  <segmented>0</segmented>
  <object>
    <type>robndbox</type>
    <name>ship</name>
    <difficult>0</difficult>
    <robndbox>
      <cx>61.5111</cx>
      <cy>343.8551</cy>
      <h>26.431699752807617</h>
      <w>5.408575057983398</w>
      <angle>-0.18109388886095212</angle>
    </robndbox>
  </object>
  <object>
    <type>robndbox</type>
    <name>ship</name>
    <difficult>0</difficult>
    <robndbox>
      <cx>184.0661</cx>
      <cy>192.0619</cy>
      <h>33.21537780761719</h>
      <w>7.166102886199951</w>
      <angle>-0.10109346182135348</angle>
    </robndbox>
  </object>
</annotation>
