<annotation>
  <folder>RSDD-SAR</folder>
  <filename>105_37_16.xml</filename>
  <polarization>HH</polarization>
  <resolution>10</resolution>
  <size>
    <width>512</width>
    <height>512</height>
    <depth>3</depth>
  </size>
  <segmented>0</segmented>
  <object>
    <type>robndbox</type>
    <name>ship</name>
    <difficult>0</difficult>
    <robndbox>
      <cx>212.2534</cx>
      <cy>361.5283</cy>
      <h>67.61653900146484</h>
      <w>13.586505889892578</w>
      <angle>-1.3358174013073398</angle>
    </robndbox>
  </object>
</annotation>
