<annotation>
  <folder>RSDD-SAR</folder>
  <filename>105_25_5.xml</filename>
  <polarization>HH</polarization>
  <resolution>10</resolution>
  <size>
    <width>512</width>
    <height>512</height>
    <depth>3</depth>
  </size>
  <segmented>0</segmented>
  <object>
    <type>robndbox</type>
    <name>ship</name>
    <difficult>0</difficult>
    <robndbox>
      <cx>125.3814</cx>
      <cy>212.546</cy>
      <h>68.55470275878906</h>
      <w>10.869085311889648</w>
      <angle>0.2080070957575068</angle>
    </robndbox>
  </object>
</annotation>
