<annotation>
  <folder>RSDD-SAR</folder>
  <filename>105_23_2.xml</filename>
  <polarization>HH</polarization>
  <resolution>10</resolution>
  <size>
    <width>512</width>
    <height>512</height>
    <depth>3</depth>
  </size>
  <segmented>0</segmented>
  <object>
    <type>robndbox</type>
    <name>ship</name>
    <difficult>0</difficult>
    <robndbox>
      <cx>50.7974</cx>
      <cy>325.1023</cy>
      <h>60.140602111816406</h>
      <w>9.56017017364502</w>
      <angle>-0.21559234446378417</angle>
    </robndbox>
  </object>
</annotation>
