<annotation>
  <folder>RSDD-SAR</folder>
  <filename>105_40_56.xml</filename>
  <polarization>HH</polarization>
  <resolution>10</resolution>
  <size>
    <width>512</width>
    <height>512</height>
    <depth>3</depth>
  </size>
  <segmented>0</segmented>
  <object>
    <type>robndbox</type>
    <name>ship</name>
    <difficult>0</difficult>
    <robndbox>
      <cx>387.0837</cx>
      <cy>425.7462</cy>
      <h>30.44356918334961</h>
      <w>10.708074569702148</w>
      <angle>0.40869232944054507</angle>
    </robndbox>
  </object>
</annotation>
