<annotation>
  <folder>RSDD-SAR</folder>
  <filename>105_41_25.xml</filename>
  <polarization>HH</polarization>
  <resolution>10</resolution>
  <size>
    <width>512</width>
    <height>512</height>
    <depth>3</depth>
  </size>
  <segmented>0</segmented>
  <object>
    <type>robndbox</type>
    <name>ship</name>
    <difficult>0</difficult>
    <robndbox>
      <cx>175.9519</cx>
      <cy>206.823</cy>
      <h>58.537109375</h>
      <w>11.079999923706055</w>
      <angle>-0.3617503535128588</angle>
    </robndbox>
  </object>
</annotation>
