<annotation>
  <folder>RSDD-SAR</folder>
  <filename>105_42_15.xml</filename>
  <polarization>HH</polarization>
  <resolution>10</resolution>
  <size>
    <width>512</width>
    <height>512</height>
    <depth>3</depth>
  </size>
  <segmented>0</segmented>
  <object>
    <type>robndbox</type>
    <name>ship</name>
    <difficult>0</difficult>
    <robndbox>
      <cx>466.5672</cx>
      <cy>341.0561</cy>
      <h>43.30546951293945</h>
      <w>10.437896728515625</w>
      <angle>-0.573646763015831</angle>
    </robndbox>
  </object>
  <object>
    <type>robndbox</type>
    <name>ship</name>
    <difficult>0</difficult>
    <robndbox>
      <cx>73.0464</cx>
      <cy>97.0709</cy>
      <h>58.18630599975586</h>
      <w>11.759499549865723</w>
      <angle>-0.5831894018338029</angle>
    </robndbox>
  </object>
  <object>
    <type>robndbox</type>
    <name>ship</name>
    <difficult>0</difficult>
    <robndbox>
      <cx>51.2388</cx>
      <cy>391.7599</cy>
      <h>48.98529052734375</h>
      <w>10.952224731445312</w>
      <angle>-0.5936473025394077</angle>
    </robndbox>
  </object>
</annotation>
