<annotation>
  <folder>RSDD-SAR</folder>
  <filename>105_44_19.xml</filename>
  <polarization>HH</polarization>
  <resolution>10</resolution>
  <size>
    <width>512</width>
    <height>512</height>
    <depth>3</depth>
  </size>
  <segmented>0</segmented>
  <object>
    <type>robndbox</type>
    <name>ship</name>
    <difficult>0</difficult>
    <robndbox>
      <cx>314.9389</cx>
      <cy>365.1498</cy>
      <h>38.54823684692383</h>
      <w>8.513676643371582</w>
      <angle>-0.5162713541750548</angle>
    </robndbox>
  </object>
  <object>
    <type>robndbox</type>
    <name>ship</name>
    <difficult>0</difficult>
    <robndbox>
      <cx>366.4439</cx>
      <cy>334.1062</cy>
      <h>44.84653091430664</h>
      <w>7.881181716918945</w>
      <angle>-0.5262697264345666</angle>
    </robndbox>
  </object>
  <object>
    <type>robndbox</type>
    <name>ship</name>
    <difficult>0</difficult>
    <robndbox>
      <cx>429.9252</cx>
      <cy>296.5856</cy>
      <h>49.66044235229492</h>
      <w>9.47359848022461</w>
      <angle>-0.5262705253828934</angle>
    </robndbox>
  </object>
</annotation>
