<annotation>
  <folder>RSDD-SAR</folder>
  <filename>105_31_34.xml</filename>
  <polarization>HH</polarization>
  <resolution>10</resolution>
  <size>
    <width>512</width>
    <height>512</height>
    <depth>3</depth>
  </size>
  <segmented>0</segmented>
  <object>
    <type>robndbox</type>
    <name>ship</name>
    <difficult>0</difficult>
    <robndbox>
      <cx>155.41</cx>
      <cy>314.6419</cy>
      <h>59.0911979675293</h>
      <w>10.545804977416992</w>
      <angle>-0.7305213988704118</angle>
    </robndbox>
  </object>
</annotation>
