<annotation>
  <folder>RSDD-SAR</folder>
  <filename>105_42_16.xml</filename>
  <polarization>HH</polarization>
  <resolution>10</resolution>
  <size>
    <width>512</width>
    <height>512</height>
    <depth>3</depth>
  </size>
  <segmented>0</segmented>
  <object>
    <type>robndbox</type>
    <name>ship</name>
    <difficult>0</difficult>
    <robndbox>
      <cx>256.5649</cx>
      <cy>350.0998</cy>
      <h>68.04781341552734</h>
      <w>10.644598007202148</w>
      <angle>-0.21809038956627846</angle>
    </robndbox>
  </object>
  <object>
    <type>robndbox</type>
    <name>ship</name>
    <difficult>0</difficult>
    <robndbox>
      <cx>484.7243</cx>
      <cy>58.0216</cy>
      <h>39.14561462402344</h>
      <w>8.589505195617676</w>
      <angle>-0.25100226694969563</angle>
    </robndbox>
  </object>
  <object>
    <type>robndbox</type>
    <name>ship</name>
    <difficult>0</difficult>
    <robndbox>
      <cx>189.4966</cx>
      <cy>96.8562</cy>
      <h>58.1873893737793</h>
      <w>10.478401184082031</w>
      <angle>-0.24100249653061168</angle>
    </robndbox>
  </object>
</annotation>
