<annotation>
  <folder>RSDD-SAR</folder>
  <filename>105_16_0.xml</filename>
  <polarization>HH</polarization>
  <resolution>10</resolution>
  <size>
    <width>512</width>
    <height>512</height>
    <depth>3</depth>
  </size>
  <segmented>0</segmented>
  <object>
    <type>robndbox</type>
    <name>ship</name>
    <difficult>0</difficult>
    <robndbox>
      <cx>190.0</cx>
      <cy>111.0</cy>
      <h>35.68471145629883</h>
      <w>8.637406349182129</w>
      <angle>-0.274909996687555</angle>
    </robndbox>
  </object>
  <object>
    <type>robndbox</type>
    <name>ship</name>
    <difficult>0</difficult>
    <robndbox>
      <cx>122.4296</cx>
      <cy>279.861</cy>
      <h>26.92719841003418</h>
      <w>7.589699745178223</w>
      <angle>-0.3220414232372868</angle>
    </robndbox>
  </object>
  <object>
    <type>robndbox</type>
    <name>ship</name>
    <difficult>0</difficult>
    <robndbox>
      <cx>503.8623</cx>
      <cy>213.7603</cy>
      <h>15.254986763000488</h>
      <w>5.248812198638916</w>
      <angle>-0.25204209819731704</angle>
    </robndbox>
  </object>
  <object>
    <type>robndbox</type>
    <name>ship</name>
    <difficult>0</difficult>
    <robndbox>
      <cx>302.9981</cx>
      <cy>346.0749</cy>
      <h>32.8818473815918</h>
      <w>8.664182662963867</w>
      <angle>-0.2620414691422377</angle>
    </robndbox>
  </object>
</annotation>
