<annotation>
  <folder>RSDD-SAR</folder>
  <filename>105_24_9.xml</filename>
  <polarization>HH</polarization>
  <resolution>10</resolution>
  <size>
    <width>512</width>
    <height>512</height>
    <depth>3</depth>
  </size>
  <segmented>0</segmented>
  <object>
    <type>robndbox</type>
    <name>ship</name>
    <difficult>0</difficult>
    <robndbox>
      <cx>418.0908</cx>
      <cy>184.0964</cy>
      <h>60.87568283081055</h>
      <w>11.59419059753418</w>
      <angle>-0.21286020750147183</angle>
    </robndbox>
  </object>
</annotation>
