<annotation>
  <folder>RSDD-SAR</folder>
  <filename>105_36_20.xml</filename>
  <polarization>HH</polarization>
  <resolution>10</resolution>
  <size>
    <width>512</width>
    <height>512</height>
    <depth>3</depth>
  </size>
  <segmented>0</segmented>
  <object>
    <type>robndbox</type>
    <name>ship</name>
    <difficult>0</difficult>
    <robndbox>
      <cx>487.4498</cx>
      <cy>254.748</cy>
      <h>74.60106658935547</h>
      <w>15.2614164352417</w>
      <angle>-1.1201026180124392</angle>
    </robndbox>
  </object>
</annotation>
