<annotation>
  <folder>RSDD-SAR</folder>
  <filename>105_26_61.xml</filename>
  <polarization>HH</polarization>
  <resolution>10</resolution>
  <size>
    <width>512</width>
    <height>512</height>
    <depth>3</depth>
  </size>
  <segmented>0</segmented>
  <object>
    <type>robndbox</type>
    <name>ship</name>
    <difficult>0</difficult>
    <robndbox>
      <cx>275.7422</cx>
      <cy>362.6551</cy>
      <h>27.481441497802734</h>
      <w>9.279498100280762</w>
      <angle>-0.5097593926775932</angle>
    </robndbox>
  </object>
</annotation>
